saddle,method,n,a0,alpha_final,alpha_drop,steps_taken,first_drop_t,wasted_steps,wall_s,skipped
0,random,20,7,6,1,20,6,19,0.271,0
0,drop_alpha,20,7,5,2,20,2,18,0.446,0
0,drop_e_max,20,7,5,2,20,2,18,14.549,0
0,drop_l_hc,20,7,6,1,20,16,19,17.216,0
0,hardcore_comarg,20,7,5,2,20,2,18,0.401,0
0,sdp_X_uw,20,7,5,2,20,2,18,1.754,0
0,lp_xu_plus_xw,20,7,6,1,20,2,19,0.689,0
0,hoffman_grad,20,7,7,0,0,,0,0.016,1
1,random,20,7,6,1,20,16,19,0.32,0
1,drop_alpha,20,7,6,1,20,2,19,0.612,0
1,drop_e_max,20,7,5,2,20,2,18,13.937,0
1,drop_l_hc,20,7,7,0,20,,20,14.597,0
1,hardcore_comarg,20,7,5,2,20,2,18,0.334,0
1,sdp_X_uw,20,7,5,2,20,2,18,0.842,0
1,lp_xu_plus_xw,20,7,6,1,20,13,19,0.617,0
1,hoffman_grad,20,7,7,0,0,,0,0.015,1
2,random,20,7,6,1,20,15,19,0.264,0
2,drop_alpha,20,7,6,1,20,10,19,0.445,0
2,drop_e_max,20,7,5,2,20,2,18,11.726,0
2,drop_l_hc,20,7,7,0,20,,20,13.444,0
2,hardcore_comarg,20,7,5,2,20,2,18,0.394,0
2,sdp_X_uw,20,7,5,2,20,2,18,0.99,0
2,lp_xu_plus_xw,20,7,6,1,20,15,19,0.705,0
2,hoffman_grad,20,7,7,0,0,,0,0.015,1
3,random,20,7,6,1,20,19,19,0.308,0
3,drop_alpha,20,7,6,1,20,3,19,0.536,0
3,drop_e_max,20,7,5,2,20,2,18,16.523,0
3,drop_l_hc,20,7,7,0,20,,20,14.596,0
3,hardcore_comarg,20,7,5,2,20,2,18,0.374,0
3,sdp_X_uw,20,7,5,2,20,2,18,0.946,0
3,lp_xu_plus_xw,20,7,6,1,20,6,19,0.674,0
3,hoffman_grad,20,7,7,0,0,,0,0.015,1
4,random,20,7,5,2,20,2,18,0.309,0
4,drop_alpha,20,7,5,2,20,3,18,0.56,0
4,drop_e_max,20,7,5,2,20,2,18,15.48,0
4,drop_l_hc,20,7,6,1,20,6,19,13.731,0
4,hardcore_comarg,20,7,5,2,20,2,18,0.346,0
4,sdp_X_uw,20,7,5,2,20,2,18,0.942,0
4,lp_xu_plus_xw,20,7,5,2,20,4,18,0.606,0
4,hoffman_grad,20,7,7,0,0,,0,0.013,1
5,random,20,7,6,1,20,11,19,0.267,0
5,drop_alpha,20,7,6,1,20,8,19,0.476,0
5,drop_e_max,20,7,5,2,20,2,18,14.506,0
5,drop_l_hc,20,7,6,1,20,2,19,14.151,0
5,hardcore_comarg,20,7,5,2,20,2,18,0.345,0
5,sdp_X_uw,20,7,5,2,20,2,18,0.959,0
5,lp_xu_plus_xw,20,7,6,1,20,4,19,0.697,0
5,hoffman_grad,20,7,7,0,0,,0,0.019,1
6,random,20,7,6,1,20,8,19,0.313,0
6,drop_alpha,20,7,6,1,20,6,19,0.535,0
6,drop_e_max,20,7,5,2,20,2,18,16.458,0
6,drop_l_hc,20,7,6,1,20,9,19,14.837,0
6,hardcore_comarg,20,7,5,2,20,2,18,0.4,0
6,sdp_X_uw,20,7,5,2,20,2,18,0.951,0
6,lp_xu_plus_xw,20,7,5,2,20,3,18,0.693,0
6,hoffman_grad,20,7,7,0,0,,0,0.018,1
7,random,20,7,6,1,20,12,19,0.32,0
7,drop_alpha,20,7,6,1,20,4,19,0.58,0
7,drop_e_max,20,7,5,2,20,2,18,15.467,0
7,drop_l_hc,20,7,7,0,20,,20,14.987,0
7,hardcore_comarg,20,7,5,2,20,2,18,0.406,0
7,sdp_X_uw,20,7,5,2,20,2,18,0.979,0
7,lp_xu_plus_xw,20,7,6,1,20,10,19,0.788,0
7,hoffman_grad,20,7,7,0,0,,0,0.016,1
8,random,20,7,6,1,20,16,19,0.316,0
8,drop_alpha,20,7,5,2,20,3,18,0.572,0
8,drop_e_max,20,7,5,2,20,2,18,14.003,0
8,drop_l_hc,20,7,6,1,20,4,19,14.284,0
8,hardcore_comarg,20,7,5,2,20,2,18,0.382,0
8,sdp_X_uw,20,7,5,2,20,2,18,0.956,0
8,lp_xu_plus_xw,20,7,5,2,20,2,18,0.702,0
8,hoffman_grad,20,7,7,0,0,,0,0.017,1
9,random,20,8,6,2,20,10,18,0.315,0
9,drop_alpha,20,8,6,2,20,3,18,0.576,0
9,drop_e_max,20,8,5,3,20,2,17,17.125,0
9,drop_l_hc,20,8,8,0,20,,20,16.078,0
9,hardcore_comarg,20,8,5,3,20,2,17,0.348,0
9,sdp_X_uw,20,8,5,3,20,2,17,0.861,0
9,lp_xu_plus_xw,20,8,6,2,20,4,18,0.602,0
9,hoffman_grad,20,8,8,0,0,,0,0.014,1
10,random,20,7,7,0,20,,20,0.257,0
10,drop_alpha,20,7,6,1,20,3,19,0.461,0
10,drop_e_max,20,7,5,2,20,2,18,15.72,0
10,drop_l_hc,20,7,7,0,20,,20,13.364,0
10,hardcore_comarg,20,7,5,2,20,2,18,0.312,0
10,sdp_X_uw,20,7,5,2,20,2,18,0.769,0
10,lp_xu_plus_xw,20,7,5,2,20,10,18,0.533,0
10,hoffman_grad,20,7,7,0,0,,0,0.013,1
11,random,20,7,6,1,20,5,19,0.246,0
11,drop_alpha,20,7,6,1,20,10,19,0.429,0
11,drop_e_max,20,7,5,2,20,2,18,12.104,0
11,drop_l_hc,20,7,7,0,20,,20,13.325,0
11,hardcore_comarg,20,7,5,2,20,2,18,0.397,0
11,sdp_X_uw,20,7,5,2,20,2,18,0.908,0
11,lp_xu_plus_xw,20,7,5,2,20,4,18,0.676,0
11,hoffman_grad,20,7,7,0,0,,0,0.014,1
12,random,20,7,6,1,20,10,19,0.304,0
12,drop_alpha,20,7,6,1,20,3,19,0.545,0
12,drop_e_max,20,7,5,2,20,2,18,15.477,0
12,drop_l_hc,20,7,6,1,20,5,19,15.205,0
12,hardcore_comarg,20,7,5,2,20,2,18,0.371,0
12,sdp_X_uw,20,7,5,2,20,2,18,0.914,0
12,lp_xu_plus_xw,20,7,6,1,20,12,19,0.559,0
12,hoffman_grad,20,7,7,0,0,,0,0.013,1
13,random,20,7,6,1,20,6,19,0.293,0
13,drop_alpha,20,7,7,0,20,,20,0.515,0
13,drop_e_max,20,7,5,2,20,2,18,13.377,0
13,drop_l_hc,20,7,6,1,20,10,19,14.858,0
13,hardcore_comarg,20,7,5,2,20,2,18,0.374,0
13,sdp_X_uw,20,7,5,2,20,2,18,0.888,0
13,lp_xu_plus_xw,20,7,6,1,20,12,19,0.727,0
13,hoffman_grad,20,7,7,0,0,,0,0.015,1
14,random,20,7,7,0,20,,20,0.303,0
14,drop_alpha,20,7,6,1,20,11,19,0.525,0
14,drop_e_max,20,7,5,2,20,2,18,13.691,0
14,drop_l_hc,20,7,6,1,20,4,19,14.935,0
14,hardcore_comarg,20,7,5,2,20,2,18,0.321,0
14,sdp_X_uw,20,7,5,2,20,2,18,0.77,0
14,lp_xu_plus_xw,20,7,7,0,20,,20,0.567,0
14,hoffman_grad,20,7,7,0,0,,0,0.014,1
