saddle,method,t,alpha,alpha_drop,n,m0,skipped
0,random,0,7,0,20,57,0
0,random,1,7,0,20,57,0
0,random,2,7,0,20,57,0
0,random,3,7,0,20,57,0
0,random,4,7,0,20,57,0
0,random,5,7,0,20,57,0
0,random,6,6,1,20,57,0
0,random,7,6,1,20,57,0
0,random,8,6,1,20,57,0
0,random,9,6,1,20,57,0
0,random,10,6,1,20,57,0
0,random,11,6,1,20,57,0
0,random,12,6,1,20,57,0
0,random,13,6,1,20,57,0
0,random,14,6,1,20,57,0
0,random,15,6,1,20,57,0
0,random,16,6,1,20,57,0
0,random,17,6,1,20,57,0
0,random,18,6,1,20,57,0
0,random,19,6,1,20,57,0
0,random,20,6,1,20,57,0
0,drop_alpha,0,7,0,20,57,0
0,drop_alpha,1,7,0,20,57,0
0,drop_alpha,2,6,1,20,57,0
0,drop_alpha,3,6,1,20,57,0
0,drop_alpha,4,6,1,20,57,0
0,drop_alpha,5,6,1,20,57,0
0,drop_alpha,6,6,1,20,57,0
0,drop_alpha,7,6,1,20,57,0
0,drop_alpha,8,6,1,20,57,0
0,drop_alpha,9,6,1,20,57,0
0,drop_alpha,10,6,1,20,57,0
0,drop_alpha,11,6,1,20,57,0
0,drop_alpha,12,6,1,20,57,0
0,drop_alpha,13,6,1,20,57,0
0,drop_alpha,14,6,1,20,57,0
0,drop_alpha,15,6,1,20,57,0
0,drop_alpha,16,6,1,20,57,0
0,drop_alpha,17,6,1,20,57,0
0,drop_alpha,18,6,1,20,57,0
0,drop_alpha,19,6,1,20,57,0
0,drop_alpha,20,5,2,20,57,0
0,drop_e_max,0,7,0,20,57,0
0,drop_e_max,1,7,0,20,57,0
0,drop_e_max,2,6,1,20,57,0
0,drop_e_max,3,6,1,20,57,0
0,drop_e_max,4,6,1,20,57,0
0,drop_e_max,5,6,1,20,57,0
0,drop_e_max,6,6,1,20,57,0
0,drop_e_max,7,6,1,20,57,0
0,drop_e_max,8,5,2,20,57,0
0,drop_e_max,9,5,2,20,57,0
0,drop_e_max,10,5,2,20,57,0
0,drop_e_max,11,5,2,20,57,0
0,drop_e_max,12,5,2,20,57,0
0,drop_e_max,13,5,2,20,57,0
0,drop_e_max,14,5,2,20,57,0
0,drop_e_max,15,5,2,20,57,0
0,drop_e_max,16,5,2,20,57,0
0,drop_e_max,17,5,2,20,57,0
0,drop_e_max,18,5,2,20,57,0
0,drop_e_max,19,5,2,20,57,0
0,drop_e_max,20,5,2,20,57,0
0,drop_l_hc,0,7,0,20,57,0
0,drop_l_hc,1,7,0,20,57,0
0,drop_l_hc,2,7,0,20,57,0
0,drop_l_hc,3,7,0,20,57,0
0,drop_l_hc,4,7,0,20,57,0
0,drop_l_hc,5,7,0,20,57,0
0,drop_l_hc,6,7,0,20,57,0
0,drop_l_hc,7,7,0,20,57,0
0,drop_l_hc,8,7,0,20,57,0
0,drop_l_hc,9,7,0,20,57,0
0,drop_l_hc,10,7,0,20,57,0
0,drop_l_hc,11,7,0,20,57,0
0,drop_l_hc,12,7,0,20,57,0
0,drop_l_hc,13,7,0,20,57,0
0,drop_l_hc,14,7,0,20,57,0
0,drop_l_hc,15,7,0,20,57,0
0,drop_l_hc,16,6,1,20,57,0
0,drop_l_hc,17,6,1,20,57,0
0,drop_l_hc,18,6,1,20,57,0
0,drop_l_hc,19,6,1,20,57,0
0,drop_l_hc,20,6,1,20,57,0
0,hardcore_comarg,0,7,0,20,57,0
0,hardcore_comarg,1,7,0,20,57,0
0,hardcore_comarg,2,6,1,20,57,0
0,hardcore_comarg,3,6,1,20,57,0
0,hardcore_comarg,4,6,1,20,57,0
0,hardcore_comarg,5,5,2,20,57,0
0,hardcore_comarg,6,5,2,20,57,0
0,hardcore_comarg,7,5,2,20,57,0
0,hardcore_comarg,8,5,2,20,57,0
0,hardcore_comarg,9,5,2,20,57,0
0,hardcore_comarg,10,5,2,20,57,0
0,hardcore_comarg,11,5,2,20,57,0
0,hardcore_comarg,12,5,2,20,57,0
0,hardcore_comarg,13,5,2,20,57,0
0,hardcore_comarg,14,5,2,20,57,0
0,hardcore_comarg,15,5,2,20,57,0
0,hardcore_comarg,16,5,2,20,57,0
0,hardcore_comarg,17,5,2,20,57,0
0,hardcore_comarg,18,5,2,20,57,0
0,hardcore_comarg,19,5,2,20,57,0
0,hardcore_comarg,20,5,2,20,57,0
0,sdp_X_uw,0,7,0,20,57,0
0,sdp_X_uw,1,7,0,20,57,0
0,sdp_X_uw,2,6,1,20,57,0
0,sdp_X_uw,3,6,1,20,57,0
0,sdp_X_uw,4,6,1,20,57,0
0,sdp_X_uw,5,6,1,20,57,0
0,sdp_X_uw,6,5,2,20,57,0
0,sdp_X_uw,7,5,2,20,57,0
0,sdp_X_uw,8,5,2,20,57,0
0,sdp_X_uw,9,5,2,20,57,0
0,sdp_X_uw,10,5,2,20,57,0
0,sdp_X_uw,11,5,2,20,57,0
0,sdp_X_uw,12,5,2,20,57,0
0,sdp_X_uw,13,5,2,20,57,0
0,sdp_X_uw,14,5,2,20,57,0
0,sdp_X_uw,15,5,2,20,57,0
0,sdp_X_uw,16,5,2,20,57,0
0,sdp_X_uw,17,5,2,20,57,0
0,sdp_X_uw,18,5,2,20,57,0
0,sdp_X_uw,19,5,2,20,57,0
0,sdp_X_uw,20,5,2,20,57,0
0,lp_xu_plus_xw,0,7,0,20,57,0
0,lp_xu_plus_xw,1,7,0,20,57,0
0,lp_xu_plus_xw,2,6,1,20,57,0
0,lp_xu_plus_xw,3,6,1,20,57,0
0,lp_xu_plus_xw,4,6,1,20,57,0
0,lp_xu_plus_xw,5,6,1,20,57,0
0,lp_xu_plus_xw,6,6,1,20,57,0
0,lp_xu_plus_xw,7,6,1,20,57,0
0,lp_xu_plus_xw,8,6,1,20,57,0
0,lp_xu_plus_xw,9,6,1,20,57,0
0,lp_xu_plus_xw,10,6,1,20,57,0
0,lp_xu_plus_xw,11,6,1,20,57,0
0,lp_xu_plus_xw,12,6,1,20,57,0
0,lp_xu_plus_xw,13,6,1,20,57,0
0,lp_xu_plus_xw,14,6,1,20,57,0
0,lp_xu_plus_xw,15,6,1,20,57,0
0,lp_xu_plus_xw,16,6,1,20,57,0
0,lp_xu_plus_xw,17,6,1,20,57,0
0,lp_xu_plus_xw,18,6,1,20,57,0
0,lp_xu_plus_xw,19,6,1,20,57,0
0,lp_xu_plus_xw,20,6,1,20,57,0
0,hoffman_grad,0,7,0,20,57,1
1,random,0,7,0,20,57,0
1,random,1,7,0,20,57,0
1,random,2,7,0,20,57,0
1,random,3,7,0,20,57,0
1,random,4,7,0,20,57,0
1,random,5,7,0,20,57,0
1,random,6,7,0,20,57,0
1,random,7,7,0,20,57,0
1,random,8,7,0,20,57,0
1,random,9,7,0,20,57,0
1,random,10,7,0,20,57,0
1,random,11,7,0,20,57,0
1,random,12,7,0,20,57,0
1,random,13,7,0,20,57,0
1,random,14,7,0,20,57,0
1,random,15,7,0,20,57,0
1,random,16,6,1,20,57,0
1,random,17,6,1,20,57,0
1,random,18,6,1,20,57,0
1,random,19,6,1,20,57,0
1,random,20,6,1,20,57,0
1,drop_alpha,0,7,0,20,57,0
1,drop_alpha,1,7,0,20,57,0
1,drop_alpha,2,6,1,20,57,0
1,drop_alpha,3,6,1,20,57,0
1,drop_alpha,4,6,1,20,57,0
1,drop_alpha,5,6,1,20,57,0
1,drop_alpha,6,6,1,20,57,0
1,drop_alpha,7,6,1,20,57,0
1,drop_alpha,8,6,1,20,57,0
1,drop_alpha,9,6,1,20,57,0
1,drop_alpha,10,6,1,20,57,0
1,drop_alpha,11,6,1,20,57,0
1,drop_alpha,12,6,1,20,57,0
1,drop_alpha,13,6,1,20,57,0
1,drop_alpha,14,6,1,20,57,0
1,drop_alpha,15,6,1,20,57,0
1,drop_alpha,16,6,1,20,57,0
1,drop_alpha,17,6,1,20,57,0
1,drop_alpha,18,6,1,20,57,0
1,drop_alpha,19,6,1,20,57,0
1,drop_alpha,20,6,1,20,57,0
1,drop_e_max,0,7,0,20,57,0
1,drop_e_max,1,7,0,20,57,0
1,drop_e_max,2,6,1,20,57,0
1,drop_e_max,3,6,1,20,57,0
1,drop_e_max,4,6,1,20,57,0
1,drop_e_max,5,6,1,20,57,0
1,drop_e_max,6,6,1,20,57,0
1,drop_e_max,7,6,1,20,57,0
1,drop_e_max,8,6,1,20,57,0
1,drop_e_max,9,6,1,20,57,0
1,drop_e_max,10,5,2,20,57,0
1,drop_e_max,11,5,2,20,57,0
1,drop_e_max,12,5,2,20,57,0
1,drop_e_max,13,5,2,20,57,0
1,drop_e_max,14,5,2,20,57,0
1,drop_e_max,15,5,2,20,57,0
1,drop_e_max,16,5,2,20,57,0
1,drop_e_max,17,5,2,20,57,0
1,drop_e_max,18,5,2,20,57,0
1,drop_e_max,19,5,2,20,57,0
1,drop_e_max,20,5,2,20,57,0
1,drop_l_hc,0,7,0,20,57,0
1,drop_l_hc,1,7,0,20,57,0
1,drop_l_hc,2,7,0,20,57,0
1,drop_l_hc,3,7,0,20,57,0
1,drop_l_hc,4,7,0,20,57,0
1,drop_l_hc,5,7,0,20,57,0
1,drop_l_hc,6,7,0,20,57,0
1,drop_l_hc,7,7,0,20,57,0
1,drop_l_hc,8,7,0,20,57,0
1,drop_l_hc,9,7,0,20,57,0
1,drop_l_hc,10,7,0,20,57,0
1,drop_l_hc,11,7,0,20,57,0
1,drop_l_hc,12,7,0,20,57,0
1,drop_l_hc,13,7,0,20,57,0
1,drop_l_hc,14,7,0,20,57,0
1,drop_l_hc,15,7,0,20,57,0
1,drop_l_hc,16,7,0,20,57,0
1,drop_l_hc,17,7,0,20,57,0
1,drop_l_hc,18,7,0,20,57,0
1,drop_l_hc,19,7,0,20,57,0
1,drop_l_hc,20,7,0,20,57,0
1,hardcore_comarg,0,7,0,20,57,0
1,hardcore_comarg,1,7,0,20,57,0
1,hardcore_comarg,2,6,1,20,57,0
1,hardcore_comarg,3,6,1,20,57,0
1,hardcore_comarg,4,6,1,20,57,0
1,hardcore_comarg,5,6,1,20,57,0
1,hardcore_comarg,6,6,1,20,57,0
1,hardcore_comarg,7,6,1,20,57,0
1,hardcore_comarg,8,6,1,20,57,0
1,hardcore_comarg,9,5,2,20,57,0
1,hardcore_comarg,10,5,2,20,57,0
1,hardcore_comarg,11,5,2,20,57,0
1,hardcore_comarg,12,5,2,20,57,0
1,hardcore_comarg,13,5,2,20,57,0
1,hardcore_comarg,14,5,2,20,57,0
1,hardcore_comarg,15,5,2,20,57,0
1,hardcore_comarg,16,5,2,20,57,0
1,hardcore_comarg,17,5,2,20,57,0
1,hardcore_comarg,18,5,2,20,57,0
1,hardcore_comarg,19,5,2,20,57,0
1,hardcore_comarg,20,5,2,20,57,0
1,sdp_X_uw,0,7,0,20,57,0
1,sdp_X_uw,1,7,0,20,57,0
1,sdp_X_uw,2,6,1,20,57,0
1,sdp_X_uw,3,6,1,20,57,0
1,sdp_X_uw,4,6,1,20,57,0
1,sdp_X_uw,5,6,1,20,57,0
1,sdp_X_uw,6,6,1,20,57,0
1,sdp_X_uw,7,6,1,20,57,0
1,sdp_X_uw,8,5,2,20,57,0
1,sdp_X_uw,9,5,2,20,57,0
1,sdp_X_uw,10,5,2,20,57,0
1,sdp_X_uw,11,5,2,20,57,0
1,sdp_X_uw,12,5,2,20,57,0
1,sdp_X_uw,13,5,2,20,57,0
1,sdp_X_uw,14,5,2,20,57,0
1,sdp_X_uw,15,5,2,20,57,0
1,sdp_X_uw,16,5,2,20,57,0
1,sdp_X_uw,17,5,2,20,57,0
1,sdp_X_uw,18,5,2,20,57,0
1,sdp_X_uw,19,5,2,20,57,0
1,sdp_X_uw,20,5,2,20,57,0
1,lp_xu_plus_xw,0,7,0,20,57,0
1,lp_xu_plus_xw,1,7,0,20,57,0
1,lp_xu_plus_xw,2,7,0,20,57,0
1,lp_xu_plus_xw,3,7,0,20,57,0
1,lp_xu_plus_xw,4,7,0,20,57,0
1,lp_xu_plus_xw,5,7,0,20,57,0
1,lp_xu_plus_xw,6,7,0,20,57,0
1,lp_xu_plus_xw,7,7,0,20,57,0
1,lp_xu_plus_xw,8,7,0,20,57,0
1,lp_xu_plus_xw,9,7,0,20,57,0
1,lp_xu_plus_xw,10,7,0,20,57,0
1,lp_xu_plus_xw,11,7,0,20,57,0
1,lp_xu_plus_xw,12,7,0,20,57,0
1,lp_xu_plus_xw,13,6,1,20,57,0
1,lp_xu_plus_xw,14,6,1,20,57,0
1,lp_xu_plus_xw,15,6,1,20,57,0
1,lp_xu_plus_xw,16,6,1,20,57,0
1,lp_xu_plus_xw,17,6,1,20,57,0
1,lp_xu_plus_xw,18,6,1,20,57,0
1,lp_xu_plus_xw,19,6,1,20,57,0
1,lp_xu_plus_xw,20,6,1,20,57,0
1,hoffman_grad,0,7,0,20,57,1
2,random,0,7,0,20,57,0
2,random,1,7,0,20,57,0
2,random,2,7,0,20,57,0
2,random,3,7,0,20,57,0
2,random,4,7,0,20,57,0
2,random,5,7,0,20,57,0
2,random,6,7,0,20,57,0
2,random,7,7,0,20,57,0
2,random,8,7,0,20,57,0
2,random,9,7,0,20,57,0
2,random,10,7,0,20,57,0
2,random,11,7,0,20,57,0
2,random,12,7,0,20,57,0
2,random,13,7,0,20,57,0
2,random,14,7,0,20,57,0
2,random,15,6,1,20,57,0
2,random,16,6,1,20,57,0
2,random,17,6,1,20,57,0
2,random,18,6,1,20,57,0
2,random,19,6,1,20,57,0
2,random,20,6,1,20,57,0
2,drop_alpha,0,7,0,20,57,0
2,drop_alpha,1,7,0,20,57,0
2,drop_alpha,2,7,0,20,57,0
2,drop_alpha,3,7,0,20,57,0
2,drop_alpha,4,7,0,20,57,0
2,drop_alpha,5,7,0,20,57,0
2,drop_alpha,6,7,0,20,57,0
2,drop_alpha,7,7,0,20,57,0
2,drop_alpha,8,7,0,20,57,0
2,drop_alpha,9,7,0,20,57,0
2,drop_alpha,10,6,1,20,57,0
2,drop_alpha,11,6,1,20,57,0
2,drop_alpha,12,6,1,20,57,0
2,drop_alpha,13,6,1,20,57,0
2,drop_alpha,14,6,1,20,57,0
2,drop_alpha,15,6,1,20,57,0
2,drop_alpha,16,6,1,20,57,0
2,drop_alpha,17,6,1,20,57,0
2,drop_alpha,18,6,1,20,57,0
2,drop_alpha,19,6,1,20,57,0
2,drop_alpha,20,6,1,20,57,0
2,drop_e_max,0,7,0,20,57,0
2,drop_e_max,1,7,0,20,57,0
2,drop_e_max,2,6,1,20,57,0
2,drop_e_max,3,6,1,20,57,0
2,drop_e_max,4,6,1,20,57,0
2,drop_e_max,5,6,1,20,57,0
2,drop_e_max,6,6,1,20,57,0
2,drop_e_max,7,6,1,20,57,0
2,drop_e_max,8,6,1,20,57,0
2,drop_e_max,9,5,2,20,57,0
2,drop_e_max,10,5,2,20,57,0
2,drop_e_max,11,5,2,20,57,0
2,drop_e_max,12,5,2,20,57,0
2,drop_e_max,13,5,2,20,57,0
2,drop_e_max,14,5,2,20,57,0
2,drop_e_max,15,5,2,20,57,0
2,drop_e_max,16,5,2,20,57,0
2,drop_e_max,17,5,2,20,57,0
2,drop_e_max,18,5,2,20,57,0
2,drop_e_max,19,5,2,20,57,0
2,drop_e_max,20,5,2,20,57,0
2,drop_l_hc,0,7,0,20,57,0
2,drop_l_hc,1,7,0,20,57,0
2,drop_l_hc,2,7,0,20,57,0
2,drop_l_hc,3,7,0,20,57,0
2,drop_l_hc,4,7,0,20,57,0
2,drop_l_hc,5,7,0,20,57,0
2,drop_l_hc,6,7,0,20,57,0
2,drop_l_hc,7,7,0,20,57,0
2,drop_l_hc,8,7,0,20,57,0
2,drop_l_hc,9,7,0,20,57,0
2,drop_l_hc,10,7,0,20,57,0
2,drop_l_hc,11,7,0,20,57,0
2,drop_l_hc,12,7,0,20,57,0
2,drop_l_hc,13,7,0,20,57,0
2,drop_l_hc,14,7,0,20,57,0
2,drop_l_hc,15,7,0,20,57,0
2,drop_l_hc,16,7,0,20,57,0
2,drop_l_hc,17,7,0,20,57,0
2,drop_l_hc,18,7,0,20,57,0
2,drop_l_hc,19,7,0,20,57,0
2,drop_l_hc,20,7,0,20,57,0
2,hardcore_comarg,0,7,0,20,57,0
2,hardcore_comarg,1,7,0,20,57,0
2,hardcore_comarg,2,6,1,20,57,0
2,hardcore_comarg,3,6,1,20,57,0
2,hardcore_comarg,4,6,1,20,57,0
2,hardcore_comarg,5,6,1,20,57,0
2,hardcore_comarg,6,6,1,20,57,0
2,hardcore_comarg,7,6,1,20,57,0
2,hardcore_comarg,8,5,2,20,57,0
2,hardcore_comarg,9,5,2,20,57,0
2,hardcore_comarg,10,5,2,20,57,0
2,hardcore_comarg,11,5,2,20,57,0
2,hardcore_comarg,12,5,2,20,57,0
2,hardcore_comarg,13,5,2,20,57,0
2,hardcore_comarg,14,5,2,20,57,0
2,hardcore_comarg,15,5,2,20,57,0
2,hardcore_comarg,16,5,2,20,57,0
2,hardcore_comarg,17,5,2,20,57,0
2,hardcore_comarg,18,5,2,20,57,0
2,hardcore_comarg,19,5,2,20,57,0
2,hardcore_comarg,20,5,2,20,57,0
2,sdp_X_uw,0,7,0,20,57,0
2,sdp_X_uw,1,7,0,20,57,0
2,sdp_X_uw,2,6,1,20,57,0
2,sdp_X_uw,3,6,1,20,57,0
2,sdp_X_uw,4,6,1,20,57,0
2,sdp_X_uw,5,6,1,20,57,0
2,sdp_X_uw,6,6,1,20,57,0
2,sdp_X_uw,7,6,1,20,57,0
2,sdp_X_uw,8,5,2,20,57,0
2,sdp_X_uw,9,5,2,20,57,0
2,sdp_X_uw,10,5,2,20,57,0
2,sdp_X_uw,11,5,2,20,57,0
2,sdp_X_uw,12,5,2,20,57,0
2,sdp_X_uw,13,5,2,20,57,0
2,sdp_X_uw,14,5,2,20,57,0
2,sdp_X_uw,15,5,2,20,57,0
2,sdp_X_uw,16,5,2,20,57,0
2,sdp_X_uw,17,5,2,20,57,0
2,sdp_X_uw,18,5,2,20,57,0
2,sdp_X_uw,19,5,2,20,57,0
2,sdp_X_uw,20,5,2,20,57,0
2,lp_xu_plus_xw,0,7,0,20,57,0
2,lp_xu_plus_xw,1,7,0,20,57,0
2,lp_xu_plus_xw,2,7,0,20,57,0
2,lp_xu_plus_xw,3,7,0,20,57,0
2,lp_xu_plus_xw,4,7,0,20,57,0
2,lp_xu_plus_xw,5,7,0,20,57,0
2,lp_xu_plus_xw,6,7,0,20,57,0
2,lp_xu_plus_xw,7,7,0,20,57,0
2,lp_xu_plus_xw,8,7,0,20,57,0
2,lp_xu_plus_xw,9,7,0,20,57,0
2,lp_xu_plus_xw,10,7,0,20,57,0
2,lp_xu_plus_xw,11,7,0,20,57,0
2,lp_xu_plus_xw,12,7,0,20,57,0
2,lp_xu_plus_xw,13,7,0,20,57,0
2,lp_xu_plus_xw,14,7,0,20,57,0
2,lp_xu_plus_xw,15,6,1,20,57,0
2,lp_xu_plus_xw,16,6,1,20,57,0
2,lp_xu_plus_xw,17,6,1,20,57,0
2,lp_xu_plus_xw,18,6,1,20,57,0
2,lp_xu_plus_xw,19,6,1,20,57,0
2,lp_xu_plus_xw,20,6,1,20,57,0
2,hoffman_grad,0,7,0,20,57,1
3,random,0,7,0,20,57,0
3,random,1,7,0,20,57,0
3,random,2,7,0,20,57,0
3,random,3,7,0,20,57,0
3,random,4,7,0,20,57,0
3,random,5,7,0,20,57,0
3,random,6,7,0,20,57,0
3,random,7,7,0,20,57,0
3,random,8,7,0,20,57,0
3,random,9,7,0,20,57,0
3,random,10,7,0,20,57,0
3,random,11,7,0,20,57,0
3,random,12,7,0,20,57,0
3,random,13,7,0,20,57,0
3,random,14,7,0,20,57,0
3,random,15,7,0,20,57,0
3,random,16,7,0,20,57,0
3,random,17,7,0,20,57,0
3,random,18,7,0,20,57,0
3,random,19,6,1,20,57,0
3,random,20,6,1,20,57,0
3,drop_alpha,0,7,0,20,57,0
3,drop_alpha,1,7,0,20,57,0
3,drop_alpha,2,7,0,20,57,0
3,drop_alpha,3,6,1,20,57,0
3,drop_alpha,4,6,1,20,57,0
3,drop_alpha,5,6,1,20,57,0
3,drop_alpha,6,6,1,20,57,0
3,drop_alpha,7,6,1,20,57,0
3,drop_alpha,8,6,1,20,57,0
3,drop_alpha,9,6,1,20,57,0
3,drop_alpha,10,6,1,20,57,0
3,drop_alpha,11,6,1,20,57,0
3,drop_alpha,12,6,1,20,57,0
3,drop_alpha,13,6,1,20,57,0
3,drop_alpha,14,6,1,20,57,0
3,drop_alpha,15,6,1,20,57,0
3,drop_alpha,16,6,1,20,57,0
3,drop_alpha,17,6,1,20,57,0
3,drop_alpha,18,6,1,20,57,0
3,drop_alpha,19,6,1,20,57,0
3,drop_alpha,20,6,1,20,57,0
3,drop_e_max,0,7,0,20,57,0
3,drop_e_max,1,7,0,20,57,0
3,drop_e_max,2,6,1,20,57,0
3,drop_e_max,3,6,1,20,57,0
3,drop_e_max,4,6,1,20,57,0
3,drop_e_max,5,6,1,20,57,0
3,drop_e_max,6,6,1,20,57,0
3,drop_e_max,7,5,2,20,57,0
3,drop_e_max,8,5,2,20,57,0
3,drop_e_max,9,5,2,20,57,0
3,drop_e_max,10,5,2,20,57,0
3,drop_e_max,11,5,2,20,57,0
3,drop_e_max,12,5,2,20,57,0
3,drop_e_max,13,5,2,20,57,0
3,drop_e_max,14,5,2,20,57,0
3,drop_e_max,15,5,2,20,57,0
3,drop_e_max,16,5,2,20,57,0
3,drop_e_max,17,5,2,20,57,0
3,drop_e_max,18,5,2,20,57,0
3,drop_e_max,19,5,2,20,57,0
3,drop_e_max,20,5,2,20,57,0
3,drop_l_hc,0,7,0,20,57,0
3,drop_l_hc,1,7,0,20,57,0
3,drop_l_hc,2,7,0,20,57,0
3,drop_l_hc,3,7,0,20,57,0
3,drop_l_hc,4,7,0,20,57,0
3,drop_l_hc,5,7,0,20,57,0
3,drop_l_hc,6,7,0,20,57,0
3,drop_l_hc,7,7,0,20,57,0
3,drop_l_hc,8,7,0,20,57,0
3,drop_l_hc,9,7,0,20,57,0
3,drop_l_hc,10,7,0,20,57,0
3,drop_l_hc,11,7,0,20,57,0
3,drop_l_hc,12,7,0,20,57,0
3,drop_l_hc,13,7,0,20,57,0
3,drop_l_hc,14,7,0,20,57,0
3,drop_l_hc,15,7,0,20,57,0
3,drop_l_hc,16,7,0,20,57,0
3,drop_l_hc,17,7,0,20,57,0
3,drop_l_hc,18,7,0,20,57,0
3,drop_l_hc,19,7,0,20,57,0
3,drop_l_hc,20,7,0,20,57,0
3,hardcore_comarg,0,7,0,20,57,0
3,hardcore_comarg,1,7,0,20,57,0
3,hardcore_comarg,2,6,1,20,57,0
3,hardcore_comarg,3,6,1,20,57,0
3,hardcore_comarg,4,6,1,20,57,0
3,hardcore_comarg,5,6,1,20,57,0
3,hardcore_comarg,6,6,1,20,57,0
3,hardcore_comarg,7,6,1,20,57,0
3,hardcore_comarg,8,6,1,20,57,0
3,hardcore_comarg,9,5,2,20,57,0
3,hardcore_comarg,10,5,2,20,57,0
3,hardcore_comarg,11,5,2,20,57,0
3,hardcore_comarg,12,5,2,20,57,0
3,hardcore_comarg,13,5,2,20,57,0
3,hardcore_comarg,14,5,2,20,57,0
3,hardcore_comarg,15,5,2,20,57,0
3,hardcore_comarg,16,5,2,20,57,0
3,hardcore_comarg,17,5,2,20,57,0
3,hardcore_comarg,18,5,2,20,57,0
3,hardcore_comarg,19,5,2,20,57,0
3,hardcore_comarg,20,5,2,20,57,0
3,sdp_X_uw,0,7,0,20,57,0
3,sdp_X_uw,1,7,0,20,57,0
3,sdp_X_uw,2,6,1,20,57,0
3,sdp_X_uw,3,6,1,20,57,0
3,sdp_X_uw,4,6,1,20,57,0
3,sdp_X_uw,5,6,1,20,57,0
3,sdp_X_uw,6,6,1,20,57,0
3,sdp_X_uw,7,5,2,20,57,0
3,sdp_X_uw,8,5,2,20,57,0
3,sdp_X_uw,9,5,2,20,57,0
3,sdp_X_uw,10,5,2,20,57,0
3,sdp_X_uw,11,5,2,20,57,0
3,sdp_X_uw,12,5,2,20,57,0
3,sdp_X_uw,13,5,2,20,57,0
3,sdp_X_uw,14,5,2,20,57,0
3,sdp_X_uw,15,5,2,20,57,0
3,sdp_X_uw,16,5,2,20,57,0
3,sdp_X_uw,17,5,2,20,57,0
3,sdp_X_uw,18,5,2,20,57,0
3,sdp_X_uw,19,5,2,20,57,0
3,sdp_X_uw,20,5,2,20,57,0
3,lp_xu_plus_xw,0,7,0,20,57,0
3,lp_xu_plus_xw,1,7,0,20,57,0
3,lp_xu_plus_xw,2,7,0,20,57,0
3,lp_xu_plus_xw,3,7,0,20,57,0
3,lp_xu_plus_xw,4,7,0,20,57,0
3,lp_xu_plus_xw,5,7,0,20,57,0
3,lp_xu_plus_xw,6,6,1,20,57,0
3,lp_xu_plus_xw,7,6,1,20,57,0
3,lp_xu_plus_xw,8,6,1,20,57,0
3,lp_xu_plus_xw,9,6,1,20,57,0
3,lp_xu_plus_xw,10,6,1,20,57,0
3,lp_xu_plus_xw,11,6,1,20,57,0
3,lp_xu_plus_xw,12,6,1,20,57,0
3,lp_xu_plus_xw,13,6,1,20,57,0
3,lp_xu_plus_xw,14,6,1,20,57,0
3,lp_xu_plus_xw,15,6,1,20,57,0
3,lp_xu_plus_xw,16,6,1,20,57,0
3,lp_xu_plus_xw,17,6,1,20,57,0
3,lp_xu_plus_xw,18,6,1,20,57,0
3,lp_xu_plus_xw,19,6,1,20,57,0
3,lp_xu_plus_xw,20,6,1,20,57,0
3,hoffman_grad,0,7,0,20,57,1
4,random,0,7,0,20,57,0
4,random,1,7,0,20,57,0
4,random,2,6,1,20,57,0
4,random,3,6,1,20,57,0
4,random,4,6,1,20,57,0
4,random,5,6,1,20,57,0
4,random,6,6,1,20,57,0
4,random,7,6,1,20,57,0
4,random,8,6,1,20,57,0
4,random,9,6,1,20,57,0
4,random,10,6,1,20,57,0
4,random,11,6,1,20,57,0
4,random,12,6,1,20,57,0
4,random,13,6,1,20,57,0
4,random,14,6,1,20,57,0
4,random,15,6,1,20,57,0
4,random,16,6,1,20,57,0
4,random,17,6,1,20,57,0
4,random,18,6,1,20,57,0
4,random,19,5,2,20,57,0
4,random,20,5,2,20,57,0
4,drop_alpha,0,7,0,20,57,0
4,drop_alpha,1,7,0,20,57,0
4,drop_alpha,2,7,0,20,57,0
4,drop_alpha,3,6,1,20,57,0
4,drop_alpha,4,6,1,20,57,0
4,drop_alpha,5,6,1,20,57,0
4,drop_alpha,6,6,1,20,57,0
4,drop_alpha,7,6,1,20,57,0
4,drop_alpha,8,6,1,20,57,0
4,drop_alpha,9,6,1,20,57,0
4,drop_alpha,10,6,1,20,57,0
4,drop_alpha,11,6,1,20,57,0
4,drop_alpha,12,6,1,20,57,0
4,drop_alpha,13,6,1,20,57,0
4,drop_alpha,14,6,1,20,57,0
4,drop_alpha,15,6,1,20,57,0
4,drop_alpha,16,6,1,20,57,0
4,drop_alpha,17,6,1,20,57,0
4,drop_alpha,18,5,2,20,57,0
4,drop_alpha,19,5,2,20,57,0
4,drop_alpha,20,5,2,20,57,0
4,drop_e_max,0,7,0,20,57,0
4,drop_e_max,1,7,0,20,57,0
4,drop_e_max,2,6,1,20,57,0
4,drop_e_max,3,6,1,20,57,0
4,drop_e_max,4,6,1,20,57,0
4,drop_e_max,5,6,1,20,57,0
4,drop_e_max,6,6,1,20,57,0
4,drop_e_max,7,6,1,20,57,0
4,drop_e_max,8,5,2,20,57,0
4,drop_e_max,9,5,2,20,57,0
4,drop_e_max,10,5,2,20,57,0
4,drop_e_max,11,5,2,20,57,0
4,drop_e_max,12,5,2,20,57,0
4,drop_e_max,13,5,2,20,57,0
4,drop_e_max,14,5,2,20,57,0
4,drop_e_max,15,5,2,20,57,0
4,drop_e_max,16,5,2,20,57,0
4,drop_e_max,17,5,2,20,57,0
4,drop_e_max,18,5,2,20,57,0
4,drop_e_max,19,5,2,20,57,0
4,drop_e_max,20,5,2,20,57,0
4,drop_l_hc,0,7,0,20,57,0
4,drop_l_hc,1,7,0,20,57,0
4,drop_l_hc,2,7,0,20,57,0
4,drop_l_hc,3,7,0,20,57,0
4,drop_l_hc,4,7,0,20,57,0
4,drop_l_hc,5,7,0,20,57,0
4,drop_l_hc,6,6,1,20,57,0
4,drop_l_hc,7,6,1,20,57,0
4,drop_l_hc,8,6,1,20,57,0
4,drop_l_hc,9,6,1,20,57,0
4,drop_l_hc,10,6,1,20,57,0
4,drop_l_hc,11,6,1,20,57,0
4,drop_l_hc,12,6,1,20,57,0
4,drop_l_hc,13,6,1,20,57,0
4,drop_l_hc,14,6,1,20,57,0
4,drop_l_hc,15,6,1,20,57,0
4,drop_l_hc,16,6,1,20,57,0
4,drop_l_hc,17,6,1,20,57,0
4,drop_l_hc,18,6,1,20,57,0
4,drop_l_hc,19,6,1,20,57,0
4,drop_l_hc,20,6,1,20,57,0
4,hardcore_comarg,0,7,0,20,57,0
4,hardcore_comarg,1,7,0,20,57,0
4,hardcore_comarg,2,6,1,20,57,0
4,hardcore_comarg,3,6,1,20,57,0
4,hardcore_comarg,4,6,1,20,57,0
4,hardcore_comarg,5,6,1,20,57,0
4,hardcore_comarg,6,6,1,20,57,0
4,hardcore_comarg,7,6,1,20,57,0
4,hardcore_comarg,8,5,2,20,57,0
4,hardcore_comarg,9,5,2,20,57,0
4,hardcore_comarg,10,5,2,20,57,0
4,hardcore_comarg,11,5,2,20,57,0
4,hardcore_comarg,12,5,2,20,57,0
4,hardcore_comarg,13,5,2,20,57,0
4,hardcore_comarg,14,5,2,20,57,0
4,hardcore_comarg,15,5,2,20,57,0
4,hardcore_comarg,16,5,2,20,57,0
4,hardcore_comarg,17,5,2,20,57,0
4,hardcore_comarg,18,5,2,20,57,0
4,hardcore_comarg,19,5,2,20,57,0
4,hardcore_comarg,20,5,2,20,57,0
4,sdp_X_uw,0,7,0,20,57,0
4,sdp_X_uw,1,7,0,20,57,0
4,sdp_X_uw,2,6,1,20,57,0
4,sdp_X_uw,3,6,1,20,57,0
4,sdp_X_uw,4,6,1,20,57,0
4,sdp_X_uw,5,6,1,20,57,0
4,sdp_X_uw,6,6,1,20,57,0
4,sdp_X_uw,7,6,1,20,57,0
4,sdp_X_uw,8,6,1,20,57,0
4,sdp_X_uw,9,5,2,20,57,0
4,sdp_X_uw,10,5,2,20,57,0
4,sdp_X_uw,11,5,2,20,57,0
4,sdp_X_uw,12,5,2,20,57,0
4,sdp_X_uw,13,5,2,20,57,0
4,sdp_X_uw,14,5,2,20,57,0
4,sdp_X_uw,15,5,2,20,57,0
4,sdp_X_uw,16,5,2,20,57,0
4,sdp_X_uw,17,5,2,20,57,0
4,sdp_X_uw,18,5,2,20,57,0
4,sdp_X_uw,19,5,2,20,57,0
4,sdp_X_uw,20,5,2,20,57,0
4,lp_xu_plus_xw,0,7,0,20,57,0
4,lp_xu_plus_xw,1,7,0,20,57,0
4,lp_xu_plus_xw,2,7,0,20,57,0
4,lp_xu_plus_xw,3,7,0,20,57,0
4,lp_xu_plus_xw,4,6,1,20,57,0
4,lp_xu_plus_xw,5,6,1,20,57,0
4,lp_xu_plus_xw,6,6,1,20,57,0
4,lp_xu_plus_xw,7,6,1,20,57,0
4,lp_xu_plus_xw,8,6,1,20,57,0
4,lp_xu_plus_xw,9,6,1,20,57,0
4,lp_xu_plus_xw,10,6,1,20,57,0
4,lp_xu_plus_xw,11,6,1,20,57,0
4,lp_xu_plus_xw,12,6,1,20,57,0
4,lp_xu_plus_xw,13,5,2,20,57,0
4,lp_xu_plus_xw,14,5,2,20,57,0
4,lp_xu_plus_xw,15,5,2,20,57,0
4,lp_xu_plus_xw,16,5,2,20,57,0
4,lp_xu_plus_xw,17,5,2,20,57,0
4,lp_xu_plus_xw,18,5,2,20,57,0
4,lp_xu_plus_xw,19,5,2,20,57,0
4,lp_xu_plus_xw,20,5,2,20,57,0
4,hoffman_grad,0,7,0,20,57,1
5,random,0,7,0,20,57,0
5,random,1,7,0,20,57,0
5,random,2,7,0,20,57,0
5,random,3,7,0,20,57,0
5,random,4,7,0,20,57,0
5,random,5,7,0,20,57,0
5,random,6,7,0,20,57,0
5,random,7,7,0,20,57,0
5,random,8,7,0,20,57,0
5,random,9,7,0,20,57,0
5,random,10,7,0,20,57,0
5,random,11,6,1,20,57,0
5,random,12,6,1,20,57,0
5,random,13,6,1,20,57,0
5,random,14,6,1,20,57,0
5,random,15,6,1,20,57,0
5,random,16,6,1,20,57,0
5,random,17,6,1,20,57,0
5,random,18,6,1,20,57,0
5,random,19,6,1,20,57,0
5,random,20,6,1,20,57,0
5,drop_alpha,0,7,0,20,57,0
5,drop_alpha,1,7,0,20,57,0
5,drop_alpha,2,7,0,20,57,0
5,drop_alpha,3,7,0,20,57,0
5,drop_alpha,4,7,0,20,57,0
5,drop_alpha,5,7,0,20,57,0
5,drop_alpha,6,7,0,20,57,0
5,drop_alpha,7,7,0,20,57,0
5,drop_alpha,8,6,1,20,57,0
5,drop_alpha,9,6,1,20,57,0
5,drop_alpha,10,6,1,20,57,0
5,drop_alpha,11,6,1,20,57,0
5,drop_alpha,12,6,1,20,57,0
5,drop_alpha,13,6,1,20,57,0
5,drop_alpha,14,6,1,20,57,0
5,drop_alpha,15,6,1,20,57,0
5,drop_alpha,16,6,1,20,57,0
5,drop_alpha,17,6,1,20,57,0
5,drop_alpha,18,6,1,20,57,0
5,drop_alpha,19,6,1,20,57,0
5,drop_alpha,20,6,1,20,57,0
5,drop_e_max,0,7,0,20,57,0
5,drop_e_max,1,7,0,20,57,0
5,drop_e_max,2,6,1,20,57,0
5,drop_e_max,3,6,1,20,57,0
5,drop_e_max,4,6,1,20,57,0
5,drop_e_max,5,6,1,20,57,0
5,drop_e_max,6,6,1,20,57,0
5,drop_e_max,7,5,2,20,57,0
5,drop_e_max,8,5,2,20,57,0
5,drop_e_max,9,5,2,20,57,0
5,drop_e_max,10,5,2,20,57,0
5,drop_e_max,11,5,2,20,57,0
5,drop_e_max,12,5,2,20,57,0
5,drop_e_max,13,5,2,20,57,0
5,drop_e_max,14,5,2,20,57,0
5,drop_e_max,15,5,2,20,57,0
5,drop_e_max,16,5,2,20,57,0
5,drop_e_max,17,5,2,20,57,0
5,drop_e_max,18,5,2,20,57,0
5,drop_e_max,19,5,2,20,57,0
5,drop_e_max,20,5,2,20,57,0
5,drop_l_hc,0,7,0,20,57,0
5,drop_l_hc,1,7,0,20,57,0
5,drop_l_hc,2,6,1,20,57,0
5,drop_l_hc,3,6,1,20,57,0
5,drop_l_hc,4,6,1,20,57,0
5,drop_l_hc,5,6,1,20,57,0
5,drop_l_hc,6,6,1,20,57,0
5,drop_l_hc,7,6,1,20,57,0
5,drop_l_hc,8,6,1,20,57,0
5,drop_l_hc,9,6,1,20,57,0
5,drop_l_hc,10,6,1,20,57,0
5,drop_l_hc,11,6,1,20,57,0
5,drop_l_hc,12,6,1,20,57,0
5,drop_l_hc,13,6,1,20,57,0
5,drop_l_hc,14,6,1,20,57,0
5,drop_l_hc,15,6,1,20,57,0
5,drop_l_hc,16,6,1,20,57,0
5,drop_l_hc,17,6,1,20,57,0
5,drop_l_hc,18,6,1,20,57,0
5,drop_l_hc,19,6,1,20,57,0
5,drop_l_hc,20,6,1,20,57,0
5,hardcore_comarg,0,7,0,20,57,0
5,hardcore_comarg,1,7,0,20,57,0
5,hardcore_comarg,2,6,1,20,57,0
5,hardcore_comarg,3,6,1,20,57,0
5,hardcore_comarg,4,6,1,20,57,0
5,hardcore_comarg,5,6,1,20,57,0
5,hardcore_comarg,6,6,1,20,57,0
5,hardcore_comarg,7,5,2,20,57,0
5,hardcore_comarg,8,5,2,20,57,0
5,hardcore_comarg,9,5,2,20,57,0
5,hardcore_comarg,10,5,2,20,57,0
5,hardcore_comarg,11,5,2,20,57,0
5,hardcore_comarg,12,5,2,20,57,0
5,hardcore_comarg,13,5,2,20,57,0
5,hardcore_comarg,14,5,2,20,57,0
5,hardcore_comarg,15,5,2,20,57,0
5,hardcore_comarg,16,5,2,20,57,0
5,hardcore_comarg,17,5,2,20,57,0
5,hardcore_comarg,18,5,2,20,57,0
5,hardcore_comarg,19,5,2,20,57,0
5,hardcore_comarg,20,5,2,20,57,0
5,sdp_X_uw,0,7,0,20,57,0
5,sdp_X_uw,1,7,0,20,57,0
5,sdp_X_uw,2,6,1,20,57,0
5,sdp_X_uw,3,6,1,20,57,0
5,sdp_X_uw,4,6,1,20,57,0
5,sdp_X_uw,5,6,1,20,57,0
5,sdp_X_uw,6,6,1,20,57,0
5,sdp_X_uw,7,5,2,20,57,0
5,sdp_X_uw,8,5,2,20,57,0
5,sdp_X_uw,9,5,2,20,57,0
5,sdp_X_uw,10,5,2,20,57,0
5,sdp_X_uw,11,5,2,20,57,0
5,sdp_X_uw,12,5,2,20,57,0
5,sdp_X_uw,13,5,2,20,57,0
5,sdp_X_uw,14,5,2,20,57,0
5,sdp_X_uw,15,5,2,20,57,0
5,sdp_X_uw,16,5,2,20,57,0
5,sdp_X_uw,17,5,2,20,57,0
5,sdp_X_uw,18,5,2,20,57,0
5,sdp_X_uw,19,5,2,20,57,0
5,sdp_X_uw,20,5,2,20,57,0
5,lp_xu_plus_xw,0,7,0,20,57,0
5,lp_xu_plus_xw,1,7,0,20,57,0
5,lp_xu_plus_xw,2,7,0,20,57,0
5,lp_xu_plus_xw,3,7,0,20,57,0
5,lp_xu_plus_xw,4,6,1,20,57,0
5,lp_xu_plus_xw,5,6,1,20,57,0
5,lp_xu_plus_xw,6,6,1,20,57,0
5,lp_xu_plus_xw,7,6,1,20,57,0
5,lp_xu_plus_xw,8,6,1,20,57,0
5,lp_xu_plus_xw,9,6,1,20,57,0
5,lp_xu_plus_xw,10,6,1,20,57,0
5,lp_xu_plus_xw,11,6,1,20,57,0
5,lp_xu_plus_xw,12,6,1,20,57,0
5,lp_xu_plus_xw,13,6,1,20,57,0
5,lp_xu_plus_xw,14,6,1,20,57,0
5,lp_xu_plus_xw,15,6,1,20,57,0
5,lp_xu_plus_xw,16,6,1,20,57,0
5,lp_xu_plus_xw,17,6,1,20,57,0
5,lp_xu_plus_xw,18,6,1,20,57,0
5,lp_xu_plus_xw,19,6,1,20,57,0
5,lp_xu_plus_xw,20,6,1,20,57,0
5,hoffman_grad,0,7,0,20,57,1
6,random,0,7,0,20,57,0
6,random,1,7,0,20,57,0
6,random,2,7,0,20,57,0
6,random,3,7,0,20,57,0
6,random,4,7,0,20,57,0
6,random,5,7,0,20,57,0
6,random,6,7,0,20,57,0
6,random,7,7,0,20,57,0
6,random,8,6,1,20,57,0
6,random,9,6,1,20,57,0
6,random,10,6,1,20,57,0
6,random,11,6,1,20,57,0
6,random,12,6,1,20,57,0
6,random,13,6,1,20,57,0
6,random,14,6,1,20,57,0
6,random,15,6,1,20,57,0
6,random,16,6,1,20,57,0
6,random,17,6,1,20,57,0
6,random,18,6,1,20,57,0
6,random,19,6,1,20,57,0
6,random,20,6,1,20,57,0
6,drop_alpha,0,7,0,20,57,0
6,drop_alpha,1,7,0,20,57,0
6,drop_alpha,2,7,0,20,57,0
6,drop_alpha,3,7,0,20,57,0
6,drop_alpha,4,7,0,20,57,0
6,drop_alpha,5,7,0,20,57,0
6,drop_alpha,6,6,1,20,57,0
6,drop_alpha,7,6,1,20,57,0
6,drop_alpha,8,6,1,20,57,0
6,drop_alpha,9,6,1,20,57,0
6,drop_alpha,10,6,1,20,57,0
6,drop_alpha,11,6,1,20,57,0
6,drop_alpha,12,6,1,20,57,0
6,drop_alpha,13,6,1,20,57,0
6,drop_alpha,14,6,1,20,57,0
6,drop_alpha,15,6,1,20,57,0
6,drop_alpha,16,6,1,20,57,0
6,drop_alpha,17,6,1,20,57,0
6,drop_alpha,18,6,1,20,57,0
6,drop_alpha,19,6,1,20,57,0
6,drop_alpha,20,6,1,20,57,0
6,drop_e_max,0,7,0,20,57,0
6,drop_e_max,1,7,0,20,57,0
6,drop_e_max,2,6,1,20,57,0
6,drop_e_max,3,6,1,20,57,0
6,drop_e_max,4,6,1,20,57,0
6,drop_e_max,5,6,1,20,57,0
6,drop_e_max,6,6,1,20,57,0
6,drop_e_max,7,5,2,20,57,0
6,drop_e_max,8,5,2,20,57,0
6,drop_e_max,9,5,2,20,57,0
6,drop_e_max,10,5,2,20,57,0
6,drop_e_max,11,5,2,20,57,0
6,drop_e_max,12,5,2,20,57,0
6,drop_e_max,13,5,2,20,57,0
6,drop_e_max,14,5,2,20,57,0
6,drop_e_max,15,5,2,20,57,0
6,drop_e_max,16,5,2,20,57,0
6,drop_e_max,17,5,2,20,57,0
6,drop_e_max,18,5,2,20,57,0
6,drop_e_max,19,5,2,20,57,0
6,drop_e_max,20,5,2,20,57,0
6,drop_l_hc,0,7,0,20,57,0
6,drop_l_hc,1,7,0,20,57,0
6,drop_l_hc,2,7,0,20,57,0
6,drop_l_hc,3,7,0,20,57,0
6,drop_l_hc,4,7,0,20,57,0
6,drop_l_hc,5,7,0,20,57,0
6,drop_l_hc,6,7,0,20,57,0
6,drop_l_hc,7,7,0,20,57,0
6,drop_l_hc,8,7,0,20,57,0
6,drop_l_hc,9,6,1,20,57,0
6,drop_l_hc,10,6,1,20,57,0
6,drop_l_hc,11,6,1,20,57,0
6,drop_l_hc,12,6,1,20,57,0
6,drop_l_hc,13,6,1,20,57,0
6,drop_l_hc,14,6,1,20,57,0
6,drop_l_hc,15,6,1,20,57,0
6,drop_l_hc,16,6,1,20,57,0
6,drop_l_hc,17,6,1,20,57,0
6,drop_l_hc,18,6,1,20,57,0
6,drop_l_hc,19,6,1,20,57,0
6,drop_l_hc,20,6,1,20,57,0
6,hardcore_comarg,0,7,0,20,57,0
6,hardcore_comarg,1,7,0,20,57,0
6,hardcore_comarg,2,6,1,20,57,0
6,hardcore_comarg,3,6,1,20,57,0
6,hardcore_comarg,4,6,1,20,57,0
6,hardcore_comarg,5,6,1,20,57,0
6,hardcore_comarg,6,6,1,20,57,0
6,hardcore_comarg,7,6,1,20,57,0
6,hardcore_comarg,8,5,2,20,57,0
6,hardcore_comarg,9,5,2,20,57,0
6,hardcore_comarg,10,5,2,20,57,0
6,hardcore_comarg,11,5,2,20,57,0
6,hardcore_comarg,12,5,2,20,57,0
6,hardcore_comarg,13,5,2,20,57,0
6,hardcore_comarg,14,5,2,20,57,0
6,hardcore_comarg,15,5,2,20,57,0
6,hardcore_comarg,16,5,2,20,57,0
6,hardcore_comarg,17,5,2,20,57,0
6,hardcore_comarg,18,5,2,20,57,0
6,hardcore_comarg,19,5,2,20,57,0
6,hardcore_comarg,20,5,2,20,57,0
6,sdp_X_uw,0,7,0,20,57,0
6,sdp_X_uw,1,7,0,20,57,0
6,sdp_X_uw,2,6,1,20,57,0
6,sdp_X_uw,3,6,1,20,57,0
6,sdp_X_uw,4,6,1,20,57,0
6,sdp_X_uw,5,6,1,20,57,0
6,sdp_X_uw,6,6,1,20,57,0
6,sdp_X_uw,7,6,1,20,57,0
6,sdp_X_uw,8,5,2,20,57,0
6,sdp_X_uw,9,5,2,20,57,0
6,sdp_X_uw,10,5,2,20,57,0
6,sdp_X_uw,11,5,2,20,57,0
6,sdp_X_uw,12,5,2,20,57,0
6,sdp_X_uw,13,5,2,20,57,0
6,sdp_X_uw,14,5,2,20,57,0
6,sdp_X_uw,15,5,2,20,57,0
6,sdp_X_uw,16,5,2,20,57,0
6,sdp_X_uw,17,5,2,20,57,0
6,sdp_X_uw,18,5,2,20,57,0
6,sdp_X_uw,19,5,2,20,57,0
6,sdp_X_uw,20,5,2,20,57,0
6,lp_xu_plus_xw,0,7,0,20,57,0
6,lp_xu_plus_xw,1,7,0,20,57,0
6,lp_xu_plus_xw,2,7,0,20,57,0
6,lp_xu_plus_xw,3,6,1,20,57,0
6,lp_xu_plus_xw,4,6,1,20,57,0
6,lp_xu_plus_xw,5,6,1,20,57,0
6,lp_xu_plus_xw,6,6,1,20,57,0
6,lp_xu_plus_xw,7,6,1,20,57,0
6,lp_xu_plus_xw,8,6,1,20,57,0
6,lp_xu_plus_xw,9,6,1,20,57,0
6,lp_xu_plus_xw,10,6,1,20,57,0
6,lp_xu_plus_xw,11,6,1,20,57,0
6,lp_xu_plus_xw,12,6,1,20,57,0
6,lp_xu_plus_xw,13,6,1,20,57,0
6,lp_xu_plus_xw,14,6,1,20,57,0
6,lp_xu_plus_xw,15,6,1,20,57,0
6,lp_xu_plus_xw,16,6,1,20,57,0
6,lp_xu_plus_xw,17,6,1,20,57,0
6,lp_xu_plus_xw,18,6,1,20,57,0
6,lp_xu_plus_xw,19,6,1,20,57,0
6,lp_xu_plus_xw,20,5,2,20,57,0
6,hoffman_grad,0,7,0,20,57,1
7,random,0,7,0,20,57,0
7,random,1,7,0,20,57,0
7,random,2,7,0,20,57,0
7,random,3,7,0,20,57,0
7,random,4,7,0,20,57,0
7,random,5,7,0,20,57,0
7,random,6,7,0,20,57,0
7,random,7,7,0,20,57,0
7,random,8,7,0,20,57,0
7,random,9,7,0,20,57,0
7,random,10,7,0,20,57,0
7,random,11,7,0,20,57,0
7,random,12,6,1,20,57,0
7,random,13,6,1,20,57,0
7,random,14,6,1,20,57,0
7,random,15,6,1,20,57,0
7,random,16,6,1,20,57,0
7,random,17,6,1,20,57,0
7,random,18,6,1,20,57,0
7,random,19,6,1,20,57,0
7,random,20,6,1,20,57,0
7,drop_alpha,0,7,0,20,57,0
7,drop_alpha,1,7,0,20,57,0
7,drop_alpha,2,7,0,20,57,0
7,drop_alpha,3,7,0,20,57,0
7,drop_alpha,4,6,1,20,57,0
7,drop_alpha,5,6,1,20,57,0
7,drop_alpha,6,6,1,20,57,0
7,drop_alpha,7,6,1,20,57,0
7,drop_alpha,8,6,1,20,57,0
7,drop_alpha,9,6,1,20,57,0
7,drop_alpha,10,6,1,20,57,0
7,drop_alpha,11,6,1,20,57,0
7,drop_alpha,12,6,1,20,57,0
7,drop_alpha,13,6,1,20,57,0
7,drop_alpha,14,6,1,20,57,0
7,drop_alpha,15,6,1,20,57,0
7,drop_alpha,16,6,1,20,57,0
7,drop_alpha,17,6,1,20,57,0
7,drop_alpha,18,6,1,20,57,0
7,drop_alpha,19,6,1,20,57,0
7,drop_alpha,20,6,1,20,57,0
7,drop_e_max,0,7,0,20,57,0
7,drop_e_max,1,7,0,20,57,0
7,drop_e_max,2,6,1,20,57,0
7,drop_e_max,3,6,1,20,57,0
7,drop_e_max,4,6,1,20,57,0
7,drop_e_max,5,6,1,20,57,0
7,drop_e_max,6,6,1,20,57,0
7,drop_e_max,7,6,1,20,57,0
7,drop_e_max,8,6,1,20,57,0
7,drop_e_max,9,5,2,20,57,0
7,drop_e_max,10,5,2,20,57,0
7,drop_e_max,11,5,2,20,57,0
7,drop_e_max,12,5,2,20,57,0
7,drop_e_max,13,5,2,20,57,0
7,drop_e_max,14,5,2,20,57,0
7,drop_e_max,15,5,2,20,57,0
7,drop_e_max,16,5,2,20,57,0
7,drop_e_max,17,5,2,20,57,0
7,drop_e_max,18,5,2,20,57,0
7,drop_e_max,19,5,2,20,57,0
7,drop_e_max,20,5,2,20,57,0
7,drop_l_hc,0,7,0,20,57,0
7,drop_l_hc,1,7,0,20,57,0
7,drop_l_hc,2,7,0,20,57,0
7,drop_l_hc,3,7,0,20,57,0
7,drop_l_hc,4,7,0,20,57,0
7,drop_l_hc,5,7,0,20,57,0
7,drop_l_hc,6,7,0,20,57,0
7,drop_l_hc,7,7,0,20,57,0
7,drop_l_hc,8,7,0,20,57,0
7,drop_l_hc,9,7,0,20,57,0
7,drop_l_hc,10,7,0,20,57,0
7,drop_l_hc,11,7,0,20,57,0
7,drop_l_hc,12,7,0,20,57,0
7,drop_l_hc,13,7,0,20,57,0
7,drop_l_hc,14,7,0,20,57,0
7,drop_l_hc,15,7,0,20,57,0
7,drop_l_hc,16,7,0,20,57,0
7,drop_l_hc,17,7,0,20,57,0
7,drop_l_hc,18,7,0,20,57,0
7,drop_l_hc,19,7,0,20,57,0
7,drop_l_hc,20,7,0,20,57,0
7,hardcore_comarg,0,7,0,20,57,0
7,hardcore_comarg,1,7,0,20,57,0
7,hardcore_comarg,2,6,1,20,57,0
7,hardcore_comarg,3,6,1,20,57,0
7,hardcore_comarg,4,6,1,20,57,0
7,hardcore_comarg,5,6,1,20,57,0
7,hardcore_comarg,6,6,1,20,57,0
7,hardcore_comarg,7,6,1,20,57,0
7,hardcore_comarg,8,6,1,20,57,0
7,hardcore_comarg,9,5,2,20,57,0
7,hardcore_comarg,10,5,2,20,57,0
7,hardcore_comarg,11,5,2,20,57,0
7,hardcore_comarg,12,5,2,20,57,0
7,hardcore_comarg,13,5,2,20,57,0
7,hardcore_comarg,14,5,2,20,57,0
7,hardcore_comarg,15,5,2,20,57,0
7,hardcore_comarg,16,5,2,20,57,0
7,hardcore_comarg,17,5,2,20,57,0
7,hardcore_comarg,18,5,2,20,57,0
7,hardcore_comarg,19,5,2,20,57,0
7,hardcore_comarg,20,5,2,20,57,0
7,sdp_X_uw,0,7,0,20,57,0
7,sdp_X_uw,1,7,0,20,57,0
7,sdp_X_uw,2,6,1,20,57,0
7,sdp_X_uw,3,6,1,20,57,0
7,sdp_X_uw,4,6,1,20,57,0
7,sdp_X_uw,5,6,1,20,57,0
7,sdp_X_uw,6,6,1,20,57,0
7,sdp_X_uw,7,6,1,20,57,0
7,sdp_X_uw,8,6,1,20,57,0
7,sdp_X_uw,9,5,2,20,57,0
7,sdp_X_uw,10,5,2,20,57,0
7,sdp_X_uw,11,5,2,20,57,0
7,sdp_X_uw,12,5,2,20,57,0
7,sdp_X_uw,13,5,2,20,57,0
7,sdp_X_uw,14,5,2,20,57,0
7,sdp_X_uw,15,5,2,20,57,0
7,sdp_X_uw,16,5,2,20,57,0
7,sdp_X_uw,17,5,2,20,57,0
7,sdp_X_uw,18,5,2,20,57,0
7,sdp_X_uw,19,5,2,20,57,0
7,sdp_X_uw,20,5,2,20,57,0
7,lp_xu_plus_xw,0,7,0,20,57,0
7,lp_xu_plus_xw,1,7,0,20,57,0
7,lp_xu_plus_xw,2,7,0,20,57,0
7,lp_xu_plus_xw,3,7,0,20,57,0
7,lp_xu_plus_xw,4,7,0,20,57,0
7,lp_xu_plus_xw,5,7,0,20,57,0
7,lp_xu_plus_xw,6,7,0,20,57,0
7,lp_xu_plus_xw,7,7,0,20,57,0
7,lp_xu_plus_xw,8,7,0,20,57,0
7,lp_xu_plus_xw,9,7,0,20,57,0
7,lp_xu_plus_xw,10,6,1,20,57,0
7,lp_xu_plus_xw,11,6,1,20,57,0
7,lp_xu_plus_xw,12,6,1,20,57,0
7,lp_xu_plus_xw,13,6,1,20,57,0
7,lp_xu_plus_xw,14,6,1,20,57,0
7,lp_xu_plus_xw,15,6,1,20,57,0
7,lp_xu_plus_xw,16,6,1,20,57,0
7,lp_xu_plus_xw,17,6,1,20,57,0
7,lp_xu_plus_xw,18,6,1,20,57,0
7,lp_xu_plus_xw,19,6,1,20,57,0
7,lp_xu_plus_xw,20,6,1,20,57,0
7,hoffman_grad,0,7,0,20,57,1
8,random,0,7,0,20,57,0
8,random,1,7,0,20,57,0
8,random,2,7,0,20,57,0
8,random,3,7,0,20,57,0
8,random,4,7,0,20,57,0
8,random,5,7,0,20,57,0
8,random,6,7,0,20,57,0
8,random,7,7,0,20,57,0
8,random,8,7,0,20,57,0
8,random,9,7,0,20,57,0
8,random,10,7,0,20,57,0
8,random,11,7,0,20,57,0
8,random,12,7,0,20,57,0
8,random,13,7,0,20,57,0
8,random,14,7,0,20,57,0
8,random,15,7,0,20,57,0
8,random,16,6,1,20,57,0
8,random,17,6,1,20,57,0
8,random,18,6,1,20,57,0
8,random,19,6,1,20,57,0
8,random,20,6,1,20,57,0
8,drop_alpha,0,7,0,20,57,0
8,drop_alpha,1,7,0,20,57,0
8,drop_alpha,2,7,0,20,57,0
8,drop_alpha,3,6,1,20,57,0
8,drop_alpha,4,6,1,20,57,0
8,drop_alpha,5,6,1,20,57,0
8,drop_alpha,6,6,1,20,57,0
8,drop_alpha,7,6,1,20,57,0
8,drop_alpha,8,6,1,20,57,0
8,drop_alpha,9,6,1,20,57,0
8,drop_alpha,10,6,1,20,57,0
8,drop_alpha,11,6,1,20,57,0
8,drop_alpha,12,6,1,20,57,0
8,drop_alpha,13,6,1,20,57,0
8,drop_alpha,14,6,1,20,57,0
8,drop_alpha,15,6,1,20,57,0
8,drop_alpha,16,5,2,20,57,0
8,drop_alpha,17,5,2,20,57,0
8,drop_alpha,18,5,2,20,57,0
8,drop_alpha,19,5,2,20,57,0
8,drop_alpha,20,5,2,20,57,0
8,drop_e_max,0,7,0,20,57,0
8,drop_e_max,1,7,0,20,57,0
8,drop_e_max,2,6,1,20,57,0
8,drop_e_max,3,6,1,20,57,0
8,drop_e_max,4,6,1,20,57,0
8,drop_e_max,5,6,1,20,57,0
8,drop_e_max,6,6,1,20,57,0
8,drop_e_max,7,6,1,20,57,0
8,drop_e_max,8,5,2,20,57,0
8,drop_e_max,9,5,2,20,57,0
8,drop_e_max,10,5,2,20,57,0
8,drop_e_max,11,5,2,20,57,0
8,drop_e_max,12,5,2,20,57,0
8,drop_e_max,13,5,2,20,57,0
8,drop_e_max,14,5,2,20,57,0
8,drop_e_max,15,5,2,20,57,0
8,drop_e_max,16,5,2,20,57,0
8,drop_e_max,17,5,2,20,57,0
8,drop_e_max,18,5,2,20,57,0
8,drop_e_max,19,5,2,20,57,0
8,drop_e_max,20,5,2,20,57,0
8,drop_l_hc,0,7,0,20,57,0
8,drop_l_hc,1,7,0,20,57,0
8,drop_l_hc,2,7,0,20,57,0
8,drop_l_hc,3,7,0,20,57,0
8,drop_l_hc,4,6,1,20,57,0
8,drop_l_hc,5,6,1,20,57,0
8,drop_l_hc,6,6,1,20,57,0
8,drop_l_hc,7,6,1,20,57,0
8,drop_l_hc,8,6,1,20,57,0
8,drop_l_hc,9,6,1,20,57,0
8,drop_l_hc,10,6,1,20,57,0
8,drop_l_hc,11,6,1,20,57,0
8,drop_l_hc,12,6,1,20,57,0
8,drop_l_hc,13,6,1,20,57,0
8,drop_l_hc,14,6,1,20,57,0
8,drop_l_hc,15,6,1,20,57,0
8,drop_l_hc,16,6,1,20,57,0
8,drop_l_hc,17,6,1,20,57,0
8,drop_l_hc,18,6,1,20,57,0
8,drop_l_hc,19,6,1,20,57,0
8,drop_l_hc,20,6,1,20,57,0
8,hardcore_comarg,0,7,0,20,57,0
8,hardcore_comarg,1,7,0,20,57,0
8,hardcore_comarg,2,6,1,20,57,0
8,hardcore_comarg,3,6,1,20,57,0
8,hardcore_comarg,4,6,1,20,57,0
8,hardcore_comarg,5,6,1,20,57,0
8,hardcore_comarg,6,6,1,20,57,0
8,hardcore_comarg,7,5,2,20,57,0
8,hardcore_comarg,8,5,2,20,57,0
8,hardcore_comarg,9,5,2,20,57,0
8,hardcore_comarg,10,5,2,20,57,0
8,hardcore_comarg,11,5,2,20,57,0
8,hardcore_comarg,12,5,2,20,57,0
8,hardcore_comarg,13,5,2,20,57,0
8,hardcore_comarg,14,5,2,20,57,0
8,hardcore_comarg,15,5,2,20,57,0
8,hardcore_comarg,16,5,2,20,57,0
8,hardcore_comarg,17,5,2,20,57,0
8,hardcore_comarg,18,5,2,20,57,0
8,hardcore_comarg,19,5,2,20,57,0
8,hardcore_comarg,20,5,2,20,57,0
8,sdp_X_uw,0,7,0,20,57,0
8,sdp_X_uw,1,7,0,20,57,0
8,sdp_X_uw,2,6,1,20,57,0
8,sdp_X_uw,3,6,1,20,57,0
8,sdp_X_uw,4,6,1,20,57,0
8,sdp_X_uw,5,6,1,20,57,0
8,sdp_X_uw,6,6,1,20,57,0
8,sdp_X_uw,7,5,2,20,57,0
8,sdp_X_uw,8,5,2,20,57,0
8,sdp_X_uw,9,5,2,20,57,0
8,sdp_X_uw,10,5,2,20,57,0
8,sdp_X_uw,11,5,2,20,57,0
8,sdp_X_uw,12,5,2,20,57,0
8,sdp_X_uw,13,5,2,20,57,0
8,sdp_X_uw,14,5,2,20,57,0
8,sdp_X_uw,15,5,2,20,57,0
8,sdp_X_uw,16,5,2,20,57,0
8,sdp_X_uw,17,5,2,20,57,0
8,sdp_X_uw,18,5,2,20,57,0
8,sdp_X_uw,19,5,2,20,57,0
8,sdp_X_uw,20,5,2,20,57,0
8,lp_xu_plus_xw,0,7,0,20,57,0
8,lp_xu_plus_xw,1,7,0,20,57,0
8,lp_xu_plus_xw,2,6,1,20,57,0
8,lp_xu_plus_xw,3,6,1,20,57,0
8,lp_xu_plus_xw,4,6,1,20,57,0
8,lp_xu_plus_xw,5,6,1,20,57,0
8,lp_xu_plus_xw,6,6,1,20,57,0
8,lp_xu_plus_xw,7,6,1,20,57,0
8,lp_xu_plus_xw,8,6,1,20,57,0
8,lp_xu_plus_xw,9,5,2,20,57,0
8,lp_xu_plus_xw,10,5,2,20,57,0
8,lp_xu_plus_xw,11,5,2,20,57,0
8,lp_xu_plus_xw,12,5,2,20,57,0
8,lp_xu_plus_xw,13,5,2,20,57,0
8,lp_xu_plus_xw,14,5,2,20,57,0
8,lp_xu_plus_xw,15,5,2,20,57,0
8,lp_xu_plus_xw,16,5,2,20,57,0
8,lp_xu_plus_xw,17,5,2,20,57,0
8,lp_xu_plus_xw,18,5,2,20,57,0
8,lp_xu_plus_xw,19,5,2,20,57,0
8,lp_xu_plus_xw,20,5,2,20,57,0
8,hoffman_grad,0,7,0,20,57,1
9,random,0,8,0,20,57,0
9,random,1,8,0,20,57,0
9,random,2,8,0,20,57,0
9,random,3,8,0,20,57,0
9,random,4,8,0,20,57,0
9,random,5,8,0,20,57,0
9,random,6,8,0,20,57,0
9,random,7,8,0,20,57,0
9,random,8,8,0,20,57,0
9,random,9,8,0,20,57,0
9,random,10,7,1,20,57,0
9,random,11,7,1,20,57,0
9,random,12,6,2,20,57,0
9,random,13,6,2,20,57,0
9,random,14,6,2,20,57,0
9,random,15,6,2,20,57,0
9,random,16,6,2,20,57,0
9,random,17,6,2,20,57,0
9,random,18,6,2,20,57,0
9,random,19,6,2,20,57,0
9,random,20,6,2,20,57,0
9,drop_alpha,0,8,0,20,57,0
9,drop_alpha,1,8,0,20,57,0
9,drop_alpha,2,8,0,20,57,0
9,drop_alpha,3,7,1,20,57,0
9,drop_alpha,4,7,1,20,57,0
9,drop_alpha,5,7,1,20,57,0
9,drop_alpha,6,7,1,20,57,0
9,drop_alpha,7,6,2,20,57,0
9,drop_alpha,8,6,2,20,57,0
9,drop_alpha,9,6,2,20,57,0
9,drop_alpha,10,6,2,20,57,0
9,drop_alpha,11,6,2,20,57,0
9,drop_alpha,12,6,2,20,57,0
9,drop_alpha,13,6,2,20,57,0
9,drop_alpha,14,6,2,20,57,0
9,drop_alpha,15,6,2,20,57,0
9,drop_alpha,16,6,2,20,57,0
9,drop_alpha,17,6,2,20,57,0
9,drop_alpha,18,6,2,20,57,0
9,drop_alpha,19,6,2,20,57,0
9,drop_alpha,20,6,2,20,57,0
9,drop_e_max,0,8,0,20,57,0
9,drop_e_max,1,8,0,20,57,0
9,drop_e_max,2,7,1,20,57,0
9,drop_e_max,3,7,1,20,57,0
9,drop_e_max,4,6,2,20,57,0
9,drop_e_max,5,6,2,20,57,0
9,drop_e_max,6,6,2,20,57,0
9,drop_e_max,7,6,2,20,57,0
9,drop_e_max,8,6,2,20,57,0
9,drop_e_max,9,5,3,20,57,0
9,drop_e_max,10,5,3,20,57,0
9,drop_e_max,11,5,3,20,57,0
9,drop_e_max,12,5,3,20,57,0
9,drop_e_max,13,5,3,20,57,0
9,drop_e_max,14,5,3,20,57,0
9,drop_e_max,15,5,3,20,57,0
9,drop_e_max,16,5,3,20,57,0
9,drop_e_max,17,5,3,20,57,0
9,drop_e_max,18,5,3,20,57,0
9,drop_e_max,19,5,3,20,57,0
9,drop_e_max,20,5,3,20,57,0
9,drop_l_hc,0,8,0,20,57,0
9,drop_l_hc,1,8,0,20,57,0
9,drop_l_hc,2,8,0,20,57,0
9,drop_l_hc,3,8,0,20,57,0
9,drop_l_hc,4,8,0,20,57,0
9,drop_l_hc,5,8,0,20,57,0
9,drop_l_hc,6,8,0,20,57,0
9,drop_l_hc,7,8,0,20,57,0
9,drop_l_hc,8,8,0,20,57,0
9,drop_l_hc,9,8,0,20,57,0
9,drop_l_hc,10,8,0,20,57,0
9,drop_l_hc,11,8,0,20,57,0
9,drop_l_hc,12,8,0,20,57,0
9,drop_l_hc,13,8,0,20,57,0
9,drop_l_hc,14,8,0,20,57,0
9,drop_l_hc,15,8,0,20,57,0
9,drop_l_hc,16,8,0,20,57,0
9,drop_l_hc,17,8,0,20,57,0
9,drop_l_hc,18,8,0,20,57,0
9,drop_l_hc,19,8,0,20,57,0
9,drop_l_hc,20,8,0,20,57,0
9,hardcore_comarg,0,8,0,20,57,0
9,hardcore_comarg,1,8,0,20,57,0
9,hardcore_comarg,2,7,1,20,57,0
9,hardcore_comarg,3,7,1,20,57,0
9,hardcore_comarg,4,6,2,20,57,0
9,hardcore_comarg,5,6,2,20,57,0
9,hardcore_comarg,6,6,2,20,57,0
9,hardcore_comarg,7,6,2,20,57,0
9,hardcore_comarg,8,6,2,20,57,0
9,hardcore_comarg,9,5,3,20,57,0
9,hardcore_comarg,10,5,3,20,57,0
9,hardcore_comarg,11,5,3,20,57,0
9,hardcore_comarg,12,5,3,20,57,0
9,hardcore_comarg,13,5,3,20,57,0
9,hardcore_comarg,14,5,3,20,57,0
9,hardcore_comarg,15,5,3,20,57,0
9,hardcore_comarg,16,5,3,20,57,0
9,hardcore_comarg,17,5,3,20,57,0
9,hardcore_comarg,18,5,3,20,57,0
9,hardcore_comarg,19,5,3,20,57,0
9,hardcore_comarg,20,5,3,20,57,0
9,sdp_X_uw,0,8,0,20,57,0
9,sdp_X_uw,1,8,0,20,57,0
9,sdp_X_uw,2,7,1,20,57,0
9,sdp_X_uw,3,7,1,20,57,0
9,sdp_X_uw,4,6,2,20,57,0
9,sdp_X_uw,5,6,2,20,57,0
9,sdp_X_uw,6,6,2,20,57,0
9,sdp_X_uw,7,6,2,20,57,0
9,sdp_X_uw,8,6,2,20,57,0
9,sdp_X_uw,9,6,2,20,57,0
9,sdp_X_uw,10,6,2,20,57,0
9,sdp_X_uw,11,5,3,20,57,0
9,sdp_X_uw,12,5,3,20,57,0
9,sdp_X_uw,13,5,3,20,57,0
9,sdp_X_uw,14,5,3,20,57,0
9,sdp_X_uw,15,5,3,20,57,0
9,sdp_X_uw,16,5,3,20,57,0
9,sdp_X_uw,17,5,3,20,57,0
9,sdp_X_uw,18,5,3,20,57,0
9,sdp_X_uw,19,5,3,20,57,0
9,sdp_X_uw,20,5,3,20,57,0
9,lp_xu_plus_xw,0,8,0,20,57,0
9,lp_xu_plus_xw,1,8,0,20,57,0
9,lp_xu_plus_xw,2,8,0,20,57,0
9,lp_xu_plus_xw,3,8,0,20,57,0
9,lp_xu_plus_xw,4,7,1,20,57,0
9,lp_xu_plus_xw,5,7,1,20,57,0
9,lp_xu_plus_xw,6,7,1,20,57,0
9,lp_xu_plus_xw,7,7,1,20,57,0
9,lp_xu_plus_xw,8,7,1,20,57,0
9,lp_xu_plus_xw,9,7,1,20,57,0
9,lp_xu_plus_xw,10,7,1,20,57,0
9,lp_xu_plus_xw,11,7,1,20,57,0
9,lp_xu_plus_xw,12,7,1,20,57,0
9,lp_xu_plus_xw,13,7,1,20,57,0
9,lp_xu_plus_xw,14,7,1,20,57,0
9,lp_xu_plus_xw,15,6,2,20,57,0
9,lp_xu_plus_xw,16,6,2,20,57,0
9,lp_xu_plus_xw,17,6,2,20,57,0
9,lp_xu_plus_xw,18,6,2,20,57,0
9,lp_xu_plus_xw,19,6,2,20,57,0
9,lp_xu_plus_xw,20,6,2,20,57,0
9,hoffman_grad,0,8,0,20,57,1
10,random,0,7,0,20,57,0
10,random,1,7,0,20,57,0
10,random,2,7,0,20,57,0
10,random,3,7,0,20,57,0
10,random,4,7,0,20,57,0
10,random,5,7,0,20,57,0
10,random,6,7,0,20,57,0
10,random,7,7,0,20,57,0
10,random,8,7,0,20,57,0
10,random,9,7,0,20,57,0
10,random,10,7,0,20,57,0
10,random,11,7,0,20,57,0
10,random,12,7,0,20,57,0
10,random,13,7,0,20,57,0
10,random,14,7,0,20,57,0
10,random,15,7,0,20,57,0
10,random,16,7,0,20,57,0
10,random,17,7,0,20,57,0
10,random,18,7,0,20,57,0
10,random,19,7,0,20,57,0
10,random,20,7,0,20,57,0
10,drop_alpha,0,7,0,20,57,0
10,drop_alpha,1,7,0,20,57,0
10,drop_alpha,2,7,0,20,57,0
10,drop_alpha,3,6,1,20,57,0
10,drop_alpha,4,6,1,20,57,0
10,drop_alpha,5,6,1,20,57,0
10,drop_alpha,6,6,1,20,57,0
10,drop_alpha,7,6,1,20,57,0
10,drop_alpha,8,6,1,20,57,0
10,drop_alpha,9,6,1,20,57,0
10,drop_alpha,10,6,1,20,57,0
10,drop_alpha,11,6,1,20,57,0
10,drop_alpha,12,6,1,20,57,0
10,drop_alpha,13,6,1,20,57,0
10,drop_alpha,14,6,1,20,57,0
10,drop_alpha,15,6,1,20,57,0
10,drop_alpha,16,6,1,20,57,0
10,drop_alpha,17,6,1,20,57,0
10,drop_alpha,18,6,1,20,57,0
10,drop_alpha,19,6,1,20,57,0
10,drop_alpha,20,6,1,20,57,0
10,drop_e_max,0,7,0,20,57,0
10,drop_e_max,1,7,0,20,57,0
10,drop_e_max,2,6,1,20,57,0
10,drop_e_max,3,6,1,20,57,0
10,drop_e_max,4,6,1,20,57,0
10,drop_e_max,5,6,1,20,57,0
10,drop_e_max,6,6,1,20,57,0
10,drop_e_max,7,6,1,20,57,0
10,drop_e_max,8,5,2,20,57,0
10,drop_e_max,9,5,2,20,57,0
10,drop_e_max,10,5,2,20,57,0
10,drop_e_max,11,5,2,20,57,0
10,drop_e_max,12,5,2,20,57,0
10,drop_e_max,13,5,2,20,57,0
10,drop_e_max,14,5,2,20,57,0
10,drop_e_max,15,5,2,20,57,0
10,drop_e_max,16,5,2,20,57,0
10,drop_e_max,17,5,2,20,57,0
10,drop_e_max,18,5,2,20,57,0
10,drop_e_max,19,5,2,20,57,0
10,drop_e_max,20,5,2,20,57,0
10,drop_l_hc,0,7,0,20,57,0
10,drop_l_hc,1,7,0,20,57,0
10,drop_l_hc,2,7,0,20,57,0
10,drop_l_hc,3,7,0,20,57,0
10,drop_l_hc,4,7,0,20,57,0
10,drop_l_hc,5,7,0,20,57,0
10,drop_l_hc,6,7,0,20,57,0
10,drop_l_hc,7,7,0,20,57,0
10,drop_l_hc,8,7,0,20,57,0
10,drop_l_hc,9,7,0,20,57,0
10,drop_l_hc,10,7,0,20,57,0
10,drop_l_hc,11,7,0,20,57,0
10,drop_l_hc,12,7,0,20,57,0
10,drop_l_hc,13,7,0,20,57,0
10,drop_l_hc,14,7,0,20,57,0
10,drop_l_hc,15,7,0,20,57,0
10,drop_l_hc,16,7,0,20,57,0
10,drop_l_hc,17,7,0,20,57,0
10,drop_l_hc,18,7,0,20,57,0
10,drop_l_hc,19,7,0,20,57,0
10,drop_l_hc,20,7,0,20,57,0
10,hardcore_comarg,0,7,0,20,57,0
10,hardcore_comarg,1,7,0,20,57,0
10,hardcore_comarg,2,6,1,20,57,0
10,hardcore_comarg,3,6,1,20,57,0
10,hardcore_comarg,4,6,1,20,57,0
10,hardcore_comarg,5,6,1,20,57,0
10,hardcore_comarg,6,6,1,20,57,0
10,hardcore_comarg,7,6,1,20,57,0
10,hardcore_comarg,8,6,1,20,57,0
10,hardcore_comarg,9,5,2,20,57,0
10,hardcore_comarg,10,5,2,20,57,0
10,hardcore_comarg,11,5,2,20,57,0
10,hardcore_comarg,12,5,2,20,57,0
10,hardcore_comarg,13,5,2,20,57,0
10,hardcore_comarg,14,5,2,20,57,0
10,hardcore_comarg,15,5,2,20,57,0
10,hardcore_comarg,16,5,2,20,57,0
10,hardcore_comarg,17,5,2,20,57,0
10,hardcore_comarg,18,5,2,20,57,0
10,hardcore_comarg,19,5,2,20,57,0
10,hardcore_comarg,20,5,2,20,57,0
10,sdp_X_uw,0,7,0,20,57,0
10,sdp_X_uw,1,7,0,20,57,0
10,sdp_X_uw,2,6,1,20,57,0
10,sdp_X_uw,3,6,1,20,57,0
10,sdp_X_uw,4,6,1,20,57,0
10,sdp_X_uw,5,6,1,20,57,0
10,sdp_X_uw,6,6,1,20,57,0
10,sdp_X_uw,7,6,1,20,57,0
10,sdp_X_uw,8,5,2,20,57,0
10,sdp_X_uw,9,5,2,20,57,0
10,sdp_X_uw,10,5,2,20,57,0
10,sdp_X_uw,11,5,2,20,57,0
10,sdp_X_uw,12,5,2,20,57,0
10,sdp_X_uw,13,5,2,20,57,0
10,sdp_X_uw,14,5,2,20,57,0
10,sdp_X_uw,15,5,2,20,57,0
10,sdp_X_uw,16,5,2,20,57,0
10,sdp_X_uw,17,5,2,20,57,0
10,sdp_X_uw,18,5,2,20,57,0
10,sdp_X_uw,19,5,2,20,57,0
10,sdp_X_uw,20,5,2,20,57,0
10,lp_xu_plus_xw,0,7,0,20,57,0
10,lp_xu_plus_xw,1,7,0,20,57,0
10,lp_xu_plus_xw,2,7,0,20,57,0
10,lp_xu_plus_xw,3,7,0,20,57,0
10,lp_xu_plus_xw,4,7,0,20,57,0
10,lp_xu_plus_xw,5,7,0,20,57,0
10,lp_xu_plus_xw,6,7,0,20,57,0
10,lp_xu_plus_xw,7,7,0,20,57,0
10,lp_xu_plus_xw,8,7,0,20,57,0
10,lp_xu_plus_xw,9,7,0,20,57,0
10,lp_xu_plus_xw,10,6,1,20,57,0
10,lp_xu_plus_xw,11,6,1,20,57,0
10,lp_xu_plus_xw,12,6,1,20,57,0
10,lp_xu_plus_xw,13,6,1,20,57,0
10,lp_xu_plus_xw,14,6,1,20,57,0
10,lp_xu_plus_xw,15,6,1,20,57,0
10,lp_xu_plus_xw,16,6,1,20,57,0
10,lp_xu_plus_xw,17,5,2,20,57,0
10,lp_xu_plus_xw,18,5,2,20,57,0
10,lp_xu_plus_xw,19,5,2,20,57,0
10,lp_xu_plus_xw,20,5,2,20,57,0
10,hoffman_grad,0,7,0,20,57,1
11,random,0,7,0,20,57,0
11,random,1,7,0,20,57,0
11,random,2,7,0,20,57,0
11,random,3,7,0,20,57,0
11,random,4,7,0,20,57,0
11,random,5,6,1,20,57,0
11,random,6,6,1,20,57,0
11,random,7,6,1,20,57,0
11,random,8,6,1,20,57,0
11,random,9,6,1,20,57,0
11,random,10,6,1,20,57,0
11,random,11,6,1,20,57,0
11,random,12,6,1,20,57,0
11,random,13,6,1,20,57,0
11,random,14,6,1,20,57,0
11,random,15,6,1,20,57,0
11,random,16,6,1,20,57,0
11,random,17,6,1,20,57,0
11,random,18,6,1,20,57,0
11,random,19,6,1,20,57,0
11,random,20,6,1,20,57,0
11,drop_alpha,0,7,0,20,57,0
11,drop_alpha,1,7,0,20,57,0
11,drop_alpha,2,7,0,20,57,0
11,drop_alpha,3,7,0,20,57,0
11,drop_alpha,4,7,0,20,57,0
11,drop_alpha,5,7,0,20,57,0
11,drop_alpha,6,7,0,20,57,0
11,drop_alpha,7,7,0,20,57,0
11,drop_alpha,8,7,0,20,57,0
11,drop_alpha,9,7,0,20,57,0
11,drop_alpha,10,6,1,20,57,0
11,drop_alpha,11,6,1,20,57,0
11,drop_alpha,12,6,1,20,57,0
11,drop_alpha,13,6,1,20,57,0
11,drop_alpha,14,6,1,20,57,0
11,drop_alpha,15,6,1,20,57,0
11,drop_alpha,16,6,1,20,57,0
11,drop_alpha,17,6,1,20,57,0
11,drop_alpha,18,6,1,20,57,0
11,drop_alpha,19,6,1,20,57,0
11,drop_alpha,20,6,1,20,57,0
11,drop_e_max,0,7,0,20,57,0
11,drop_e_max,1,7,0,20,57,0
11,drop_e_max,2,6,1,20,57,0
11,drop_e_max,3,6,1,20,57,0
11,drop_e_max,4,6,1,20,57,0
11,drop_e_max,5,6,1,20,57,0
11,drop_e_max,6,6,1,20,57,0
11,drop_e_max,7,6,1,20,57,0
11,drop_e_max,8,5,2,20,57,0
11,drop_e_max,9,5,2,20,57,0
11,drop_e_max,10,5,2,20,57,0
11,drop_e_max,11,5,2,20,57,0
11,drop_e_max,12,5,2,20,57,0
11,drop_e_max,13,5,2,20,57,0
11,drop_e_max,14,5,2,20,57,0
11,drop_e_max,15,5,2,20,57,0
11,drop_e_max,16,5,2,20,57,0
11,drop_e_max,17,5,2,20,57,0
11,drop_e_max,18,5,2,20,57,0
11,drop_e_max,19,5,2,20,57,0
11,drop_e_max,20,5,2,20,57,0
11,drop_l_hc,0,7,0,20,57,0
11,drop_l_hc,1,7,0,20,57,0
11,drop_l_hc,2,7,0,20,57,0
11,drop_l_hc,3,7,0,20,57,0
11,drop_l_hc,4,7,0,20,57,0
11,drop_l_hc,5,7,0,20,57,0
11,drop_l_hc,6,7,0,20,57,0
11,drop_l_hc,7,7,0,20,57,0
11,drop_l_hc,8,7,0,20,57,0
11,drop_l_hc,9,7,0,20,57,0
11,drop_l_hc,10,7,0,20,57,0
11,drop_l_hc,11,7,0,20,57,0
11,drop_l_hc,12,7,0,20,57,0
11,drop_l_hc,13,7,0,20,57,0
11,drop_l_hc,14,7,0,20,57,0
11,drop_l_hc,15,7,0,20,57,0
11,drop_l_hc,16,7,0,20,57,0
11,drop_l_hc,17,7,0,20,57,0
11,drop_l_hc,18,7,0,20,57,0
11,drop_l_hc,19,7,0,20,57,0
11,drop_l_hc,20,7,0,20,57,0
11,hardcore_comarg,0,7,0,20,57,0
11,hardcore_comarg,1,7,0,20,57,0
11,hardcore_comarg,2,6,1,20,57,0
11,hardcore_comarg,3,6,1,20,57,0
11,hardcore_comarg,4,6,1,20,57,0
11,hardcore_comarg,5,6,1,20,57,0
11,hardcore_comarg,6,6,1,20,57,0
11,hardcore_comarg,7,6,1,20,57,0
11,hardcore_comarg,8,5,2,20,57,0
11,hardcore_comarg,9,5,2,20,57,0
11,hardcore_comarg,10,5,2,20,57,0
11,hardcore_comarg,11,5,2,20,57,0
11,hardcore_comarg,12,5,2,20,57,0
11,hardcore_comarg,13,5,2,20,57,0
11,hardcore_comarg,14,5,2,20,57,0
11,hardcore_comarg,15,5,2,20,57,0
11,hardcore_comarg,16,5,2,20,57,0
11,hardcore_comarg,17,5,2,20,57,0
11,hardcore_comarg,18,5,2,20,57,0
11,hardcore_comarg,19,5,2,20,57,0
11,hardcore_comarg,20,5,2,20,57,0
11,sdp_X_uw,0,7,0,20,57,0
11,sdp_X_uw,1,7,0,20,57,0
11,sdp_X_uw,2,6,1,20,57,0
11,sdp_X_uw,3,6,1,20,57,0
11,sdp_X_uw,4,6,1,20,57,0
11,sdp_X_uw,5,6,1,20,57,0
11,sdp_X_uw,6,6,1,20,57,0
11,sdp_X_uw,7,6,1,20,57,0
11,sdp_X_uw,8,5,2,20,57,0
11,sdp_X_uw,9,5,2,20,57,0
11,sdp_X_uw,10,5,2,20,57,0
11,sdp_X_uw,11,5,2,20,57,0
11,sdp_X_uw,12,5,2,20,57,0
11,sdp_X_uw,13,5,2,20,57,0
11,sdp_X_uw,14,5,2,20,57,0
11,sdp_X_uw,15,5,2,20,57,0
11,sdp_X_uw,16,5,2,20,57,0
11,sdp_X_uw,17,5,2,20,57,0
11,sdp_X_uw,18,5,2,20,57,0
11,sdp_X_uw,19,5,2,20,57,0
11,sdp_X_uw,20,5,2,20,57,0
11,lp_xu_plus_xw,0,7,0,20,57,0
11,lp_xu_plus_xw,1,7,0,20,57,0
11,lp_xu_plus_xw,2,7,0,20,57,0
11,lp_xu_plus_xw,3,7,0,20,57,0
11,lp_xu_plus_xw,4,6,1,20,57,0
11,lp_xu_plus_xw,5,6,1,20,57,0
11,lp_xu_plus_xw,6,6,1,20,57,0
11,lp_xu_plus_xw,7,6,1,20,57,0
11,lp_xu_plus_xw,8,6,1,20,57,0
11,lp_xu_plus_xw,9,6,1,20,57,0
11,lp_xu_plus_xw,10,6,1,20,57,0
11,lp_xu_plus_xw,11,6,1,20,57,0
11,lp_xu_plus_xw,12,6,1,20,57,0
11,lp_xu_plus_xw,13,6,1,20,57,0
11,lp_xu_plus_xw,14,6,1,20,57,0
11,lp_xu_plus_xw,15,6,1,20,57,0
11,lp_xu_plus_xw,16,5,2,20,57,0
11,lp_xu_plus_xw,17,5,2,20,57,0
11,lp_xu_plus_xw,18,5,2,20,57,0
11,lp_xu_plus_xw,19,5,2,20,57,0
11,lp_xu_plus_xw,20,5,2,20,57,0
11,hoffman_grad,0,7,0,20,57,1
12,random,0,7,0,20,57,0
12,random,1,7,0,20,57,0
12,random,2,7,0,20,57,0
12,random,3,7,0,20,57,0
12,random,4,7,0,20,57,0
12,random,5,7,0,20,57,0
12,random,6,7,0,20,57,0
12,random,7,7,0,20,57,0
12,random,8,7,0,20,57,0
12,random,9,7,0,20,57,0
12,random,10,6,1,20,57,0
12,random,11,6,1,20,57,0
12,random,12,6,1,20,57,0
12,random,13,6,1,20,57,0
12,random,14,6,1,20,57,0
12,random,15,6,1,20,57,0
12,random,16,6,1,20,57,0
12,random,17,6,1,20,57,0
12,random,18,6,1,20,57,0
12,random,19,6,1,20,57,0
12,random,20,6,1,20,57,0
12,drop_alpha,0,7,0,20,57,0
12,drop_alpha,1,7,0,20,57,0
12,drop_alpha,2,7,0,20,57,0
12,drop_alpha,3,6,1,20,57,0
12,drop_alpha,4,6,1,20,57,0
12,drop_alpha,5,6,1,20,57,0
12,drop_alpha,6,6,1,20,57,0
12,drop_alpha,7,6,1,20,57,0
12,drop_alpha,8,6,1,20,57,0
12,drop_alpha,9,6,1,20,57,0
12,drop_alpha,10,6,1,20,57,0
12,drop_alpha,11,6,1,20,57,0
12,drop_alpha,12,6,1,20,57,0
12,drop_alpha,13,6,1,20,57,0
12,drop_alpha,14,6,1,20,57,0
12,drop_alpha,15,6,1,20,57,0
12,drop_alpha,16,6,1,20,57,0
12,drop_alpha,17,6,1,20,57,0
12,drop_alpha,18,6,1,20,57,0
12,drop_alpha,19,6,1,20,57,0
12,drop_alpha,20,6,1,20,57,0
12,drop_e_max,0,7,0,20,57,0
12,drop_e_max,1,7,0,20,57,0
12,drop_e_max,2,6,1,20,57,0
12,drop_e_max,3,6,1,20,57,0
12,drop_e_max,4,6,1,20,57,0
12,drop_e_max,5,6,1,20,57,0
12,drop_e_max,6,6,1,20,57,0
12,drop_e_max,7,5,2,20,57,0
12,drop_e_max,8,5,2,20,57,0
12,drop_e_max,9,5,2,20,57,0
12,drop_e_max,10,5,2,20,57,0
12,drop_e_max,11,5,2,20,57,0
12,drop_e_max,12,5,2,20,57,0
12,drop_e_max,13,5,2,20,57,0
12,drop_e_max,14,5,2,20,57,0
12,drop_e_max,15,5,2,20,57,0
12,drop_e_max,16,5,2,20,57,0
12,drop_e_max,17,5,2,20,57,0
12,drop_e_max,18,5,2,20,57,0
12,drop_e_max,19,5,2,20,57,0
12,drop_e_max,20,5,2,20,57,0
12,drop_l_hc,0,7,0,20,57,0
12,drop_l_hc,1,7,0,20,57,0
12,drop_l_hc,2,7,0,20,57,0
12,drop_l_hc,3,7,0,20,57,0
12,drop_l_hc,4,7,0,20,57,0
12,drop_l_hc,5,6,1,20,57,0
12,drop_l_hc,6,6,1,20,57,0
12,drop_l_hc,7,6,1,20,57,0
12,drop_l_hc,8,6,1,20,57,0
12,drop_l_hc,9,6,1,20,57,0
12,drop_l_hc,10,6,1,20,57,0
12,drop_l_hc,11,6,1,20,57,0
12,drop_l_hc,12,6,1,20,57,0
12,drop_l_hc,13,6,1,20,57,0
12,drop_l_hc,14,6,1,20,57,0
12,drop_l_hc,15,6,1,20,57,0
12,drop_l_hc,16,6,1,20,57,0
12,drop_l_hc,17,6,1,20,57,0
12,drop_l_hc,18,6,1,20,57,0
12,drop_l_hc,19,6,1,20,57,0
12,drop_l_hc,20,6,1,20,57,0
12,hardcore_comarg,0,7,0,20,57,0
12,hardcore_comarg,1,7,0,20,57,0
12,hardcore_comarg,2,6,1,20,57,0
12,hardcore_comarg,3,6,1,20,57,0
12,hardcore_comarg,4,6,1,20,57,0
12,hardcore_comarg,5,6,1,20,57,0
12,hardcore_comarg,6,6,1,20,57,0
12,hardcore_comarg,7,6,1,20,57,0
12,hardcore_comarg,8,6,1,20,57,0
12,hardcore_comarg,9,6,1,20,57,0
12,hardcore_comarg,10,5,2,20,57,0
12,hardcore_comarg,11,5,2,20,57,0
12,hardcore_comarg,12,5,2,20,57,0
12,hardcore_comarg,13,5,2,20,57,0
12,hardcore_comarg,14,5,2,20,57,0
12,hardcore_comarg,15,5,2,20,57,0
12,hardcore_comarg,16,5,2,20,57,0
12,hardcore_comarg,17,5,2,20,57,0
12,hardcore_comarg,18,5,2,20,57,0
12,hardcore_comarg,19,5,2,20,57,0
12,hardcore_comarg,20,5,2,20,57,0
12,sdp_X_uw,0,7,0,20,57,0
12,sdp_X_uw,1,7,0,20,57,0
12,sdp_X_uw,2,6,1,20,57,0
12,sdp_X_uw,3,6,1,20,57,0
12,sdp_X_uw,4,6,1,20,57,0
12,sdp_X_uw,5,6,1,20,57,0
12,sdp_X_uw,6,6,1,20,57,0
12,sdp_X_uw,7,6,1,20,57,0
12,sdp_X_uw,8,6,1,20,57,0
12,sdp_X_uw,9,5,2,20,57,0
12,sdp_X_uw,10,5,2,20,57,0
12,sdp_X_uw,11,5,2,20,57,0
12,sdp_X_uw,12,5,2,20,57,0
12,sdp_X_uw,13,5,2,20,57,0
12,sdp_X_uw,14,5,2,20,57,0
12,sdp_X_uw,15,5,2,20,57,0
12,sdp_X_uw,16,5,2,20,57,0
12,sdp_X_uw,17,5,2,20,57,0
12,sdp_X_uw,18,5,2,20,57,0
12,sdp_X_uw,19,5,2,20,57,0
12,sdp_X_uw,20,5,2,20,57,0
12,lp_xu_plus_xw,0,7,0,20,57,0
12,lp_xu_plus_xw,1,7,0,20,57,0
12,lp_xu_plus_xw,2,7,0,20,57,0
12,lp_xu_plus_xw,3,7,0,20,57,0
12,lp_xu_plus_xw,4,7,0,20,57,0
12,lp_xu_plus_xw,5,7,0,20,57,0
12,lp_xu_plus_xw,6,7,0,20,57,0
12,lp_xu_plus_xw,7,7,0,20,57,0
12,lp_xu_plus_xw,8,7,0,20,57,0
12,lp_xu_plus_xw,9,7,0,20,57,0
12,lp_xu_plus_xw,10,7,0,20,57,0
12,lp_xu_plus_xw,11,7,0,20,57,0
12,lp_xu_plus_xw,12,6,1,20,57,0
12,lp_xu_plus_xw,13,6,1,20,57,0
12,lp_xu_plus_xw,14,6,1,20,57,0
12,lp_xu_plus_xw,15,6,1,20,57,0
12,lp_xu_plus_xw,16,6,1,20,57,0
12,lp_xu_plus_xw,17,6,1,20,57,0
12,lp_xu_plus_xw,18,6,1,20,57,0
12,lp_xu_plus_xw,19,6,1,20,57,0
12,lp_xu_plus_xw,20,6,1,20,57,0
12,hoffman_grad,0,7,0,20,57,1
13,random,0,7,0,20,57,0
13,random,1,7,0,20,57,0
13,random,2,7,0,20,57,0
13,random,3,7,0,20,57,0
13,random,4,7,0,20,57,0
13,random,5,7,0,20,57,0
13,random,6,6,1,20,57,0
13,random,7,6,1,20,57,0
13,random,8,6,1,20,57,0
13,random,9,6,1,20,57,0
13,random,10,6,1,20,57,0
13,random,11,6,1,20,57,0
13,random,12,6,1,20,57,0
13,random,13,6,1,20,57,0
13,random,14,6,1,20,57,0
13,random,15,6,1,20,57,0
13,random,16,6,1,20,57,0
13,random,17,6,1,20,57,0
13,random,18,6,1,20,57,0
13,random,19,6,1,20,57,0
13,random,20,6,1,20,57,0
13,drop_alpha,0,7,0,20,57,0
13,drop_alpha,1,7,0,20,57,0
13,drop_alpha,2,7,0,20,57,0
13,drop_alpha,3,7,0,20,57,0
13,drop_alpha,4,7,0,20,57,0
13,drop_alpha,5,7,0,20,57,0
13,drop_alpha,6,7,0,20,57,0
13,drop_alpha,7,7,0,20,57,0
13,drop_alpha,8,7,0,20,57,0
13,drop_alpha,9,7,0,20,57,0
13,drop_alpha,10,7,0,20,57,0
13,drop_alpha,11,7,0,20,57,0
13,drop_alpha,12,7,0,20,57,0
13,drop_alpha,13,7,0,20,57,0
13,drop_alpha,14,7,0,20,57,0
13,drop_alpha,15,7,0,20,57,0
13,drop_alpha,16,7,0,20,57,0
13,drop_alpha,17,7,0,20,57,0
13,drop_alpha,18,7,0,20,57,0
13,drop_alpha,19,7,0,20,57,0
13,drop_alpha,20,7,0,20,57,0
13,drop_e_max,0,7,0,20,57,0
13,drop_e_max,1,7,0,20,57,0
13,drop_e_max,2,6,1,20,57,0
13,drop_e_max,3,6,1,20,57,0
13,drop_e_max,4,6,1,20,57,0
13,drop_e_max,5,6,1,20,57,0
13,drop_e_max,6,6,1,20,57,0
13,drop_e_max,7,5,2,20,57,0
13,drop_e_max,8,5,2,20,57,0
13,drop_e_max,9,5,2,20,57,0
13,drop_e_max,10,5,2,20,57,0
13,drop_e_max,11,5,2,20,57,0
13,drop_e_max,12,5,2,20,57,0
13,drop_e_max,13,5,2,20,57,0
13,drop_e_max,14,5,2,20,57,0
13,drop_e_max,15,5,2,20,57,0
13,drop_e_max,16,5,2,20,57,0
13,drop_e_max,17,5,2,20,57,0
13,drop_e_max,18,5,2,20,57,0
13,drop_e_max,19,5,2,20,57,0
13,drop_e_max,20,5,2,20,57,0
13,drop_l_hc,0,7,0,20,57,0
13,drop_l_hc,1,7,0,20,57,0
13,drop_l_hc,2,7,0,20,57,0
13,drop_l_hc,3,7,0,20,57,0
13,drop_l_hc,4,7,0,20,57,0
13,drop_l_hc,5,7,0,20,57,0
13,drop_l_hc,6,7,0,20,57,0
13,drop_l_hc,7,7,0,20,57,0
13,drop_l_hc,8,7,0,20,57,0
13,drop_l_hc,9,7,0,20,57,0
13,drop_l_hc,10,6,1,20,57,0
13,drop_l_hc,11,6,1,20,57,0
13,drop_l_hc,12,6,1,20,57,0
13,drop_l_hc,13,6,1,20,57,0
13,drop_l_hc,14,6,1,20,57,0
13,drop_l_hc,15,6,1,20,57,0
13,drop_l_hc,16,6,1,20,57,0
13,drop_l_hc,17,6,1,20,57,0
13,drop_l_hc,18,6,1,20,57,0
13,drop_l_hc,19,6,1,20,57,0
13,drop_l_hc,20,6,1,20,57,0
13,hardcore_comarg,0,7,0,20,57,0
13,hardcore_comarg,1,7,0,20,57,0
13,hardcore_comarg,2,6,1,20,57,0
13,hardcore_comarg,3,6,1,20,57,0
13,hardcore_comarg,4,6,1,20,57,0
13,hardcore_comarg,5,6,1,20,57,0
13,hardcore_comarg,6,6,1,20,57,0
13,hardcore_comarg,7,5,2,20,57,0
13,hardcore_comarg,8,5,2,20,57,0
13,hardcore_comarg,9,5,2,20,57,0
13,hardcore_comarg,10,5,2,20,57,0
13,hardcore_comarg,11,5,2,20,57,0
13,hardcore_comarg,12,5,2,20,57,0
13,hardcore_comarg,13,5,2,20,57,0
13,hardcore_comarg,14,5,2,20,57,0
13,hardcore_comarg,15,5,2,20,57,0
13,hardcore_comarg,16,5,2,20,57,0
13,hardcore_comarg,17,5,2,20,57,0
13,hardcore_comarg,18,5,2,20,57,0
13,hardcore_comarg,19,5,2,20,57,0
13,hardcore_comarg,20,5,2,20,57,0
13,sdp_X_uw,0,7,0,20,57,0
13,sdp_X_uw,1,7,0,20,57,0
13,sdp_X_uw,2,6,1,20,57,0
13,sdp_X_uw,3,6,1,20,57,0
13,sdp_X_uw,4,6,1,20,57,0
13,sdp_X_uw,5,6,1,20,57,0
13,sdp_X_uw,6,6,1,20,57,0
13,sdp_X_uw,7,5,2,20,57,0
13,sdp_X_uw,8,5,2,20,57,0
13,sdp_X_uw,9,5,2,20,57,0
13,sdp_X_uw,10,5,2,20,57,0
13,sdp_X_uw,11,5,2,20,57,0
13,sdp_X_uw,12,5,2,20,57,0
13,sdp_X_uw,13,5,2,20,57,0
13,sdp_X_uw,14,5,2,20,57,0
13,sdp_X_uw,15,5,2,20,57,0
13,sdp_X_uw,16,5,2,20,57,0
13,sdp_X_uw,17,5,2,20,57,0
13,sdp_X_uw,18,5,2,20,57,0
13,sdp_X_uw,19,5,2,20,57,0
13,sdp_X_uw,20,5,2,20,57,0
13,lp_xu_plus_xw,0,7,0,20,57,0
13,lp_xu_plus_xw,1,7,0,20,57,0
13,lp_xu_plus_xw,2,7,0,20,57,0
13,lp_xu_plus_xw,3,7,0,20,57,0
13,lp_xu_plus_xw,4,7,0,20,57,0
13,lp_xu_plus_xw,5,7,0,20,57,0
13,lp_xu_plus_xw,6,7,0,20,57,0
13,lp_xu_plus_xw,7,7,0,20,57,0
13,lp_xu_plus_xw,8,7,0,20,57,0
13,lp_xu_plus_xw,9,7,0,20,57,0
13,lp_xu_plus_xw,10,7,0,20,57,0
13,lp_xu_plus_xw,11,7,0,20,57,0
13,lp_xu_plus_xw,12,6,1,20,57,0
13,lp_xu_plus_xw,13,6,1,20,57,0
13,lp_xu_plus_xw,14,6,1,20,57,0
13,lp_xu_plus_xw,15,6,1,20,57,0
13,lp_xu_plus_xw,16,6,1,20,57,0
13,lp_xu_plus_xw,17,6,1,20,57,0
13,lp_xu_plus_xw,18,6,1,20,57,0
13,lp_xu_plus_xw,19,6,1,20,57,0
13,lp_xu_plus_xw,20,6,1,20,57,0
13,hoffman_grad,0,7,0,20,57,1
14,random,0,7,0,20,57,0
14,random,1,7,0,20,57,0
14,random,2,7,0,20,57,0
14,random,3,7,0,20,57,0
14,random,4,7,0,20,57,0
14,random,5,7,0,20,57,0
14,random,6,7,0,20,57,0
14,random,7,7,0,20,57,0
14,random,8,7,0,20,57,0
14,random,9,7,0,20,57,0
14,random,10,7,0,20,57,0
14,random,11,7,0,20,57,0
14,random,12,7,0,20,57,0
14,random,13,7,0,20,57,0
14,random,14,7,0,20,57,0
14,random,15,7,0,20,57,0
14,random,16,7,0,20,57,0
14,random,17,7,0,20,57,0
14,random,18,7,0,20,57,0
14,random,19,7,0,20,57,0
14,random,20,7,0,20,57,0
14,drop_alpha,0,7,0,20,57,0
14,drop_alpha,1,7,0,20,57,0
14,drop_alpha,2,7,0,20,57,0
14,drop_alpha,3,7,0,20,57,0
14,drop_alpha,4,7,0,20,57,0
14,drop_alpha,5,7,0,20,57,0
14,drop_alpha,6,7,0,20,57,0
14,drop_alpha,7,7,0,20,57,0
14,drop_alpha,8,7,0,20,57,0
14,drop_alpha,9,7,0,20,57,0
14,drop_alpha,10,7,0,20,57,0
14,drop_alpha,11,6,1,20,57,0
14,drop_alpha,12,6,1,20,57,0
14,drop_alpha,13,6,1,20,57,0
14,drop_alpha,14,6,1,20,57,0
14,drop_alpha,15,6,1,20,57,0
14,drop_alpha,16,6,1,20,57,0
14,drop_alpha,17,6,1,20,57,0
14,drop_alpha,18,6,1,20,57,0
14,drop_alpha,19,6,1,20,57,0
14,drop_alpha,20,6,1,20,57,0
14,drop_e_max,0,7,0,20,57,0
14,drop_e_max,1,7,0,20,57,0
14,drop_e_max,2,6,1,20,57,0
14,drop_e_max,3,6,1,20,57,0
14,drop_e_max,4,6,1,20,57,0
14,drop_e_max,5,6,1,20,57,0
14,drop_e_max,6,6,1,20,57,0
14,drop_e_max,7,5,2,20,57,0
14,drop_e_max,8,5,2,20,57,0
14,drop_e_max,9,5,2,20,57,0
14,drop_e_max,10,5,2,20,57,0
14,drop_e_max,11,5,2,20,57,0
14,drop_e_max,12,5,2,20,57,0
14,drop_e_max,13,5,2,20,57,0
14,drop_e_max,14,5,2,20,57,0
14,drop_e_max,15,5,2,20,57,0
14,drop_e_max,16,5,2,20,57,0
14,drop_e_max,17,5,2,20,57,0
14,drop_e_max,18,5,2,20,57,0
14,drop_e_max,19,5,2,20,57,0
14,drop_e_max,20,5,2,20,57,0
14,drop_l_hc,0,7,0,20,57,0
14,drop_l_hc,1,7,0,20,57,0
14,drop_l_hc,2,7,0,20,57,0
14,drop_l_hc,3,7,0,20,57,0
14,drop_l_hc,4,6,1,20,57,0
14,drop_l_hc,5,6,1,20,57,0
14,drop_l_hc,6,6,1,20,57,0
14,drop_l_hc,7,6,1,20,57,0
14,drop_l_hc,8,6,1,20,57,0
14,drop_l_hc,9,6,1,20,57,0
14,drop_l_hc,10,6,1,20,57,0
14,drop_l_hc,11,6,1,20,57,0
14,drop_l_hc,12,6,1,20,57,0
14,drop_l_hc,13,6,1,20,57,0
14,drop_l_hc,14,6,1,20,57,0
14,drop_l_hc,15,6,1,20,57,0
14,drop_l_hc,16,6,1,20,57,0
14,drop_l_hc,17,6,1,20,57,0
14,drop_l_hc,18,6,1,20,57,0
14,drop_l_hc,19,6,1,20,57,0
14,drop_l_hc,20,6,1,20,57,0
14,hardcore_comarg,0,7,0,20,57,0
14,hardcore_comarg,1,7,0,20,57,0
14,hardcore_comarg,2,6,1,20,57,0
14,hardcore_comarg,3,6,1,20,57,0
14,hardcore_comarg,4,6,1,20,57,0
14,hardcore_comarg,5,6,1,20,57,0
14,hardcore_comarg,6,5,2,20,57,0
14,hardcore_comarg,7,5,2,20,57,0
14,hardcore_comarg,8,5,2,20,57,0
14,hardcore_comarg,9,5,2,20,57,0
14,hardcore_comarg,10,5,2,20,57,0
14,hardcore_comarg,11,5,2,20,57,0
14,hardcore_comarg,12,5,2,20,57,0
14,hardcore_comarg,13,5,2,20,57,0
14,hardcore_comarg,14,5,2,20,57,0
14,hardcore_comarg,15,5,2,20,57,0
14,hardcore_comarg,16,5,2,20,57,0
14,hardcore_comarg,17,5,2,20,57,0
14,hardcore_comarg,18,5,2,20,57,0
14,hardcore_comarg,19,5,2,20,57,0
14,hardcore_comarg,20,5,2,20,57,0
14,sdp_X_uw,0,7,0,20,57,0
14,sdp_X_uw,1,7,0,20,57,0
14,sdp_X_uw,2,6,1,20,57,0
14,sdp_X_uw,3,6,1,20,57,0
14,sdp_X_uw,4,6,1,20,57,0
14,sdp_X_uw,5,6,1,20,57,0
14,sdp_X_uw,6,6,1,20,57,0
14,sdp_X_uw,7,5,2,20,57,0
14,sdp_X_uw,8,5,2,20,57,0
14,sdp_X_uw,9,5,2,20,57,0
14,sdp_X_uw,10,5,2,20,57,0
14,sdp_X_uw,11,5,2,20,57,0
14,sdp_X_uw,12,5,2,20,57,0
14,sdp_X_uw,13,5,2,20,57,0
14,sdp_X_uw,14,5,2,20,57,0
14,sdp_X_uw,15,5,2,20,57,0
14,sdp_X_uw,16,5,2,20,57,0
14,sdp_X_uw,17,5,2,20,57,0
14,sdp_X_uw,18,5,2,20,57,0
14,sdp_X_uw,19,5,2,20,57,0
14,sdp_X_uw,20,5,2,20,57,0
14,lp_xu_plus_xw,0,7,0,20,57,0
14,lp_xu_plus_xw,1,7,0,20,57,0
14,lp_xu_plus_xw,2,7,0,20,57,0
14,lp_xu_plus_xw,3,7,0,20,57,0
14,lp_xu_plus_xw,4,7,0,20,57,0
14,lp_xu_plus_xw,5,7,0,20,57,0
14,lp_xu_plus_xw,6,7,0,20,57,0
14,lp_xu_plus_xw,7,7,0,20,57,0
14,lp_xu_plus_xw,8,7,0,20,57,0
14,lp_xu_plus_xw,9,7,0,20,57,0
14,lp_xu_plus_xw,10,7,0,20,57,0
14,lp_xu_plus_xw,11,7,0,20,57,0
14,lp_xu_plus_xw,12,7,0,20,57,0
14,lp_xu_plus_xw,13,7,0,20,57,0
14,lp_xu_plus_xw,14,7,0,20,57,0
14,lp_xu_plus_xw,15,7,0,20,57,0
14,lp_xu_plus_xw,16,7,0,20,57,0
14,lp_xu_plus_xw,17,7,0,20,57,0
14,lp_xu_plus_xw,18,7,0,20,57,0
14,lp_xu_plus_xw,19,7,0,20,57,0
14,lp_xu_plus_xw,20,7,0,20,57,0
14,hoffman_grad,0,7,0,20,57,1
