n,saddle,method,a0,alpha_final,alpha_drop,steps_taken,first_drop_t,wasted_steps,wall_s,skipped
15,0,random,6,5,1,20,4,19,0.2,0
15,0,drop_alpha,6,4,2,20,2,18,0.328,0
15,0,hardcore_comarg,6,4,2,20,2,18,0.23,0
15,0,sdp_X_uw,6,4,2,20,2,18,2.988,0
15,0,lp_xu_plus_xw,6,5,1,20,9,19,0.701,0
15,0,hoffman_grad,6,6,0,0,,0,0.018,1
15,0,drop_e_max,6,4,2,20,2,18,9.825,0
15,0,drop_l_hc,6,6,0,20,,20,10.206,0
15,1,random,6,5,1,20,7,19,0.187,0
15,1,drop_alpha,6,4,2,20,4,18,0.429,0
15,1,hardcore_comarg,6,4,2,20,2,18,0.278,0
15,1,sdp_X_uw,6,4,2,20,2,18,0.931,0
15,1,lp_xu_plus_xw,6,5,1,20,14,19,0.543,0
15,1,hoffman_grad,6,6,0,0,,0,0.009,1
15,1,drop_e_max,6,4,2,20,2,18,8.882,0
15,1,drop_l_hc,6,5,1,20,3,19,11.453,0
15,2,random,6,5,1,20,10,19,0.187,0
15,2,drop_alpha,6,5,1,20,2,19,0.347,0
15,2,hardcore_comarg,6,4,2,20,2,18,0.236,0
15,2,sdp_X_uw,6,4,2,20,2,18,1.06,0
15,2,lp_xu_plus_xw,6,4,2,20,4,18,0.683,0
15,2,hoffman_grad,6,6,0,0,,0,0.011,1
15,2,drop_e_max,6,4,2,20,2,18,7.352,0
15,2,drop_l_hc,6,5,1,20,2,19,8.134,0
15,3,random,6,6,0,20,,20,0.162,0
15,3,drop_alpha,6,4,2,20,7,18,0.248,0
15,3,hardcore_comarg,6,4,2,20,2,18,0.193,0
15,3,sdp_X_uw,6,4,2,20,2,18,0.761,0
15,3,lp_xu_plus_xw,6,5,1,20,4,19,0.49,0
15,3,hoffman_grad,6,6,0,0,,0,0.009,1
15,3,drop_e_max,6,4,2,20,2,18,6.322,0
15,3,drop_l_hc,6,6,0,20,,20,9.317,0
15,4,random,6,5,1,20,9,19,0.154,0
15,4,drop_alpha,6,4,2,20,2,18,0.259,0
15,4,hardcore_comarg,6,4,2,20,2,18,0.18,0
15,4,sdp_X_uw,6,4,2,20,2,18,0.676,0
15,4,lp_xu_plus_xw,6,4,2,20,2,18,0.525,0
15,4,hoffman_grad,6,6,0,0,,0,0.008,1
15,4,drop_e_max,6,4,2,20,2,18,6.702,0
15,4,drop_l_hc,6,5,1,20,3,19,8.359,0
15,5,random,6,5,1,20,12,19,0.157,0
15,5,drop_alpha,6,4,2,20,3,18,0.279,0
15,5,hardcore_comarg,6,4,2,20,2,18,0.192,0
15,5,sdp_X_uw,6,4,2,20,2,18,0.735,0
15,5,lp_xu_plus_xw,6,4,2,20,6,18,0.522,0
15,5,hoffman_grad,6,6,0,0,,0,0.011,1
15,5,drop_e_max,6,4,2,20,2,18,8.039,0
15,5,drop_l_hc,6,6,0,20,,20,8.008,0
15,6,random,6,5,1,20,11,19,0.173,0
15,6,drop_alpha,6,4,2,20,5,18,0.265,0
15,6,hardcore_comarg,6,4,2,20,2,18,0.183,0
15,6,sdp_X_uw,6,4,2,20,2,18,0.756,0
15,6,lp_xu_plus_xw,6,4,2,20,4,18,0.45,0
15,6,hoffman_grad,6,6,0,0,,0,0.008,1
15,6,drop_e_max,6,4,2,20,2,18,7.02,0
15,6,drop_l_hc,6,6,0,20,,20,10.457,0
15,7,random,6,5,1,20,15,19,0.155,0
15,7,drop_alpha,6,4,2,20,2,18,0.283,0
15,7,hardcore_comarg,6,4,2,20,2,18,0.195,0
15,7,sdp_X_uw,6,4,2,20,2,18,0.73,0
15,7,lp_xu_plus_xw,6,4,2,20,4,18,0.495,0
15,7,hoffman_grad,6,6,0,0,,0,0.008,1
15,7,drop_e_max,6,4,2,20,2,18,7.936,0
15,7,drop_l_hc,6,5,1,20,4,19,8.504,0
15,8,random,6,5,1,20,9,19,0.209,0
15,8,drop_alpha,6,4,2,20,3,18,0.366,0
15,8,hardcore_comarg,6,4,2,20,2,18,0.268,0
15,8,sdp_X_uw,6,4,2,20,2,18,0.855,0
15,8,lp_xu_plus_xw,6,5,1,20,7,19,0.625,0
15,8,hoffman_grad,6,6,0,0,,0,0.012,1
15,8,drop_e_max,6,4,2,20,2,18,6.773,0
15,8,drop_l_hc,6,5,1,20,8,19,9.293,0
15,9,random,6,4,2,20,12,18,0.171,0
15,9,drop_alpha,6,4,2,20,2,18,0.285,0
15,9,hardcore_comarg,6,4,2,20,2,18,0.205,0
15,9,sdp_X_uw,6,4,2,20,2,18,2.83,0
15,9,lp_xu_plus_xw,6,5,1,20,14,19,0.636,0
15,9,hoffman_grad,6,6,0,0,,0,0.06,1
15,9,drop_e_max,6,4,2,20,2,18,8.041,0
15,9,drop_l_hc,6,5,1,20,3,19,9.062,0
15,10,random,6,4,2,20,4,18,0.152,0
15,10,drop_alpha,6,4,2,20,6,18,0.247,0
15,10,hardcore_comarg,6,4,2,20,2,18,0.204,0
15,10,sdp_X_uw,6,4,2,20,2,18,0.796,0
15,10,lp_xu_plus_xw,6,5,1,20,8,19,0.501,0
15,10,hoffman_grad,6,6,0,0,,0,0.008,1
15,10,drop_e_max,6,4,2,20,2,18,6.378,0
15,10,drop_l_hc,6,5,1,20,8,19,9.235,0
15,11,random,6,4,2,20,7,18,0.149,0
15,11,drop_alpha,6,5,1,20,4,19,0.262,0
15,11,hardcore_comarg,6,4,2,20,2,18,0.189,0
15,11,sdp_X_uw,6,4,2,20,2,18,0.785,0
15,11,lp_xu_plus_xw,6,4,2,20,4,18,0.485,0
15,11,hoffman_grad,6,6,0,0,,0,0.008,1
15,11,drop_e_max,6,4,2,20,3,18,6.031,0
15,11,drop_l_hc,6,5,1,20,9,19,7.646,0
15,12,random,6,6,0,20,,20,0.156,0
15,12,drop_alpha,6,4,2,20,3,18,0.283,0
15,12,hardcore_comarg,6,4,2,20,2,18,0.214,0
15,12,sdp_X_uw,6,4,2,20,2,18,0.819,0
15,12,lp_xu_plus_xw,6,5,1,20,5,19,0.53,0
15,12,hoffman_grad,6,6,0,0,,0,0.008,1
15,12,drop_e_max,6,4,2,20,2,18,7.061,0
15,12,drop_l_hc,6,6,0,20,,20,11.459,0
15,13,random,6,5,1,20,10,19,0.152,0
15,13,drop_alpha,6,4,2,20,4,18,0.255,0
15,13,hardcore_comarg,6,4,2,20,2,18,0.192,0
15,13,sdp_X_uw,6,4,2,20,2,18,0.794,0
15,13,lp_xu_plus_xw,6,5,1,20,10,19,0.497,0
15,13,hoffman_grad,6,6,0,0,,0,0.008,1
15,13,drop_e_max,6,4,2,20,2,18,6.745,0
15,13,drop_l_hc,6,6,0,20,,20,9.008,0
15,14,random,6,5,1,20,14,19,0.156,0
15,14,drop_alpha,6,5,1,20,4,19,0.259,0
15,14,hardcore_comarg,6,4,2,20,2,18,0.19,0
15,14,sdp_X_uw,6,4,2,20,2,18,0.71,0
15,14,lp_xu_plus_xw,6,5,1,20,7,19,0.519,0
15,14,hoffman_grad,6,6,0,0,,0,0.01,1
15,14,drop_e_max,6,4,2,20,2,18,6.759,0
15,14,drop_l_hc,6,5,1,20,14,19,10.164,0
15,15,random,6,4,2,20,8,18,0.166,0
15,15,drop_alpha,6,5,1,20,9,19,0.267,0
15,15,hardcore_comarg,6,4,2,20,2,18,0.191,0
15,15,sdp_X_uw,6,4,2,20,2,18,0.757,0
15,15,lp_xu_plus_xw,6,5,1,20,2,19,0.53,0
15,15,hoffman_grad,6,6,0,0,,0,0.008,1
15,15,drop_e_max,6,4,2,20,2,18,6.858,0
15,15,drop_l_hc,6,5,1,20,12,19,8.289,0
15,16,random,6,5,1,20,8,19,0.155,0
15,16,drop_alpha,6,5,1,20,7,19,0.257,0
15,16,hardcore_comarg,6,4,2,20,2,18,0.189,0
15,16,sdp_X_uw,6,4,2,20,2,18,0.726,0
15,16,lp_xu_plus_xw,6,4,2,20,2,18,0.476,0
15,16,hoffman_grad,6,6,0,0,,0,0.008,1
15,16,drop_e_max,6,4,2,20,2,18,7.997,0
15,16,drop_l_hc,6,5,1,20,13,19,8.369,0
15,17,random,6,5,1,20,19,19,0.15,0
15,17,drop_alpha,6,4,2,20,3,18,0.266,0
15,17,hardcore_comarg,6,4,2,20,2,18,0.193,0
15,17,sdp_X_uw,6,4,2,20,2,18,0.738,0
15,17,lp_xu_plus_xw,6,4,2,20,6,18,0.528,0
15,17,hoffman_grad,6,6,0,0,,0,0.008,1
15,17,drop_e_max,6,4,2,20,2,18,6.72,0
15,17,drop_l_hc,6,5,1,20,11,19,8.517,0
15,18,random,6,5,1,20,7,19,0.151,0
15,18,drop_alpha,6,4,2,20,2,18,0.256,0
15,18,hardcore_comarg,6,4,2,20,2,18,0.188,0
15,18,sdp_X_uw,6,4,2,20,2,18,0.706,0
15,18,lp_xu_plus_xw,6,4,2,20,5,18,0.491,0
15,18,hoffman_grad,6,6,0,0,,0,0.045,1
15,18,drop_e_max,6,4,2,20,2,18,7.597,0
15,18,drop_l_hc,6,5,1,20,2,19,7.942,0
15,19,random,6,5,1,20,19,19,0.164,0
15,19,drop_alpha,6,4,2,20,2,18,0.264,0
15,19,hardcore_comarg,6,4,2,20,2,18,0.19,0
15,19,sdp_X_uw,6,4,2,20,2,18,0.765,0
15,19,lp_xu_plus_xw,6,5,1,20,9,19,0.51,0
15,19,hoffman_grad,6,6,0,0,,0,0.008,1
15,19,drop_e_max,6,4,2,20,2,18,6.653,0
15,19,drop_l_hc,6,5,1,20,4,19,7.548,0
18,0,random,7,6,1,20,10,19,0.293,0
18,0,drop_alpha,7,6,1,20,4,19,0.516,0
18,0,hardcore_comarg,7,4,3,20,2,17,0.461,0
18,0,sdp_X_uw,7,4,3,20,2,17,1.147,0
18,0,lp_xu_plus_xw,7,5,2,20,5,18,0.803,0
18,0,hoffman_grad,7,7,0,0,,0,0.015,1
18,0,drop_e_max,7,4,3,20,2,17,15.33,0
18,0,drop_l_hc,7,7,0,20,,20,17.469,0
18,1,random,7,6,1,20,6,19,0.338,0
18,1,drop_alpha,7,6,1,20,4,19,0.753,0
18,1,hardcore_comarg,7,5,2,20,2,18,0.438,0
18,1,sdp_X_uw,7,5,2,20,2,18,0.985,0
18,1,lp_xu_plus_xw,7,5,2,20,6,18,1.074,0
18,1,hoffman_grad,7,7,0,0,,0,0.015,1
18,1,drop_e_max,7,5,2,20,2,18,13.728,0
18,1,drop_l_hc,7,7,0,20,,20,16.689,0
18,2,random,7,7,0,20,,20,0.287,0
18,2,drop_alpha,7,6,1,20,7,19,0.538,0
18,2,hardcore_comarg,7,5,2,20,2,18,0.378,0
18,2,sdp_X_uw,7,5,2,20,2,18,1.136,0
18,2,lp_xu_plus_xw,7,6,1,20,10,19,0.741,0
18,2,hoffman_grad,7,7,0,0,,0,0.054,1
18,2,drop_e_max,7,5,2,20,3,18,12.641,0
18,2,drop_l_hc,7,6,1,20,9,19,15.326,0
18,3,random,7,6,1,20,5,19,0.29,0
18,3,drop_alpha,7,5,2,20,3,18,0.517,0
18,3,hardcore_comarg,7,4,3,20,2,17,0.398,0
18,3,sdp_X_uw,7,5,2,20,2,18,1.089,0
18,3,lp_xu_plus_xw,7,5,2,20,13,18,0.74,0
18,3,hoffman_grad,7,7,0,0,,0,0.015,1
18,3,drop_e_max,7,5,2,20,2,18,13.331,0
18,3,drop_l_hc,7,6,1,20,8,19,16.258,0
18,4,random,7,5,2,20,7,18,0.29,0
18,4,drop_alpha,7,5,2,20,4,18,0.515,0
18,4,hardcore_comarg,7,4,3,20,2,17,0.373,0
18,4,sdp_X_uw,7,4,3,20,2,17,1.073,0
18,4,lp_xu_plus_xw,7,6,1,20,5,19,0.784,0
18,4,hoffman_grad,7,7,0,0,,0,0.016,1
18,4,drop_e_max,7,4,3,20,2,17,14.91,0
18,4,drop_l_hc,7,6,1,20,4,19,18.172,0
18,5,random,7,7,0,20,,20,0.291,0
18,5,drop_alpha,7,6,1,20,2,19,0.532,0
18,5,hardcore_comarg,7,4,3,20,2,17,0.378,0
18,5,sdp_X_uw,7,4,3,20,2,17,1.178,0
18,5,lp_xu_plus_xw,7,5,2,20,2,18,0.75,0
18,5,hoffman_grad,7,7,0,0,,0,0.015,1
18,5,drop_e_max,7,4,3,20,2,17,15.628,0
18,5,drop_l_hc,7,6,1,20,2,19,19.194,0
18,6,random,7,7,0,20,,20,0.302,0
18,6,drop_alpha,7,5,2,20,3,18,0.512,0
18,6,hardcore_comarg,7,4,3,20,2,17,0.367,0
18,6,sdp_X_uw,7,4,3,20,2,17,1.081,0
18,6,lp_xu_plus_xw,7,7,0,20,,20,0.738,0
18,6,hoffman_grad,7,7,0,0,,0,0.015,1
18,6,drop_e_max,7,4,3,20,2,17,14.021,0
18,6,drop_l_hc,7,6,1,20,3,19,17.572,0
18,7,random,7,6,1,20,19,19,0.289,0
18,7,drop_alpha,7,5,2,20,2,18,0.536,0
18,7,hardcore_comarg,7,4,3,20,2,17,0.377,0
18,7,sdp_X_uw,7,4,3,20,2,17,1.409,0
18,7,lp_xu_plus_xw,7,6,1,20,2,19,0.794,0
18,7,hoffman_grad,7,7,0,0,,0,0.015,1
18,7,drop_e_max,7,4,3,20,2,17,13.392,0
18,7,drop_l_hc,7,6,1,20,4,19,16.914,0
18,8,random,7,6,1,20,6,19,0.29,0
18,8,drop_alpha,7,6,1,20,8,19,0.532,0
18,8,hardcore_comarg,7,4,3,20,2,17,0.374,0
18,8,sdp_X_uw,7,4,3,20,2,17,1.07,0
18,8,lp_xu_plus_xw,7,5,2,20,5,18,0.742,0
18,8,hoffman_grad,7,7,0,0,,0,0.015,1
18,8,drop_e_max,7,4,3,20,2,17,14.248,0
18,8,drop_l_hc,7,6,1,20,8,19,17.924,0
18,9,random,7,6,1,20,6,19,0.294,0
18,9,drop_alpha,7,5,2,20,4,18,0.543,0
18,9,hardcore_comarg,7,4,3,20,2,17,0.367,0
18,9,sdp_X_uw,7,4,3,20,2,17,1.178,0
18,9,lp_xu_plus_xw,7,6,1,20,4,19,0.74,0
18,9,hoffman_grad,7,7,0,0,,0,0.015,1
18,9,drop_e_max,7,4,3,20,2,17,14.063,0
18,9,drop_l_hc,7,7,0,20,,20,17.62,0
18,10,random,7,6,1,20,11,19,0.298,0
18,10,drop_alpha,7,5,2,20,3,18,0.493,0
18,10,hardcore_comarg,7,4,3,20,2,17,0.365,0
18,10,sdp_X_uw,7,4,3,20,2,17,1.006,0
18,10,lp_xu_plus_xw,7,6,1,20,5,19,0.732,0
18,10,hoffman_grad,7,7,0,0,,0,0.019,1
18,10,drop_e_max,7,4,3,20,2,17,13.174,0
18,10,drop_l_hc,7,5,2,20,3,18,15.896,0
18,11,random,7,5,2,20,4,18,0.291,0
18,11,drop_alpha,7,5,2,20,3,18,0.518,0
18,11,hardcore_comarg,7,4,3,20,2,17,0.371,0
18,11,sdp_X_uw,7,4,3,20,2,17,1.164,0
18,11,lp_xu_plus_xw,7,5,2,20,11,18,0.712,0
18,11,hoffman_grad,7,7,0,0,,0,0.015,1
18,11,drop_e_max,7,4,3,20,2,17,14.471,0
18,11,drop_l_hc,7,6,1,20,7,19,17.292,0
18,12,random,7,6,1,20,7,19,0.295,0
18,12,drop_alpha,7,6,1,20,7,19,0.495,0
18,12,hardcore_comarg,7,5,2,20,2,18,0.363,0
18,12,sdp_X_uw,7,6,1,20,2,19,1.064,0
18,12,lp_xu_plus_xw,7,6,1,20,5,19,0.791,0
18,12,hoffman_grad,7,7,0,0,,0,0.015,1
18,12,drop_e_max,7,5,2,20,2,18,12.831,0
18,12,drop_l_hc,7,6,1,20,5,19,16.333,0
18,13,random,7,6,1,20,15,19,0.288,0
18,13,drop_alpha,7,5,2,20,2,18,0.565,0
18,13,hardcore_comarg,7,4,3,20,2,17,0.376,0
18,13,sdp_X_uw,7,4,3,20,2,17,1.02,0
18,13,lp_xu_plus_xw,7,5,2,20,3,18,0.735,0
18,13,hoffman_grad,7,7,0,0,,0,0.015,1
18,13,drop_e_max,7,4,3,20,2,17,14.097,0
18,13,drop_l_hc,7,6,1,20,16,19,18.456,0
18,14,random,7,7,0,20,,20,0.294,0
18,14,drop_alpha,7,6,1,20,4,19,0.589,0
18,14,hardcore_comarg,7,4,3,20,2,17,0.407,0
18,14,sdp_X_uw,7,4,3,20,2,17,1.152,0
18,14,lp_xu_plus_xw,7,5,2,20,6,18,0.753,0
18,14,hoffman_grad,7,7,0,0,,0,0.016,1
18,14,drop_e_max,7,4,3,20,2,17,16.624,0
18,14,drop_l_hc,7,6,1,20,3,19,16.449,0
18,15,random,7,7,0,20,,20,0.289,0
18,15,drop_alpha,7,5,2,20,3,18,0.489,0
18,15,hardcore_comarg,7,4,3,20,2,17,0.371,0
18,15,sdp_X_uw,7,4,3,20,2,17,1.244,0
18,15,lp_xu_plus_xw,7,5,2,20,4,18,0.777,0
18,15,hoffman_grad,7,7,0,0,,0,0.015,1
18,15,drop_e_max,7,4,3,20,2,17,15.165,0
18,15,drop_l_hc,7,5,2,20,3,18,15.376,0
18,16,random,7,6,1,20,8,19,0.285,0
18,16,drop_alpha,7,6,1,20,4,19,0.506,0
18,16,hardcore_comarg,7,4,3,20,2,17,0.364,0
18,16,sdp_X_uw,7,4,3,20,2,17,0.988,0
18,16,lp_xu_plus_xw,7,5,2,20,6,18,0.673,0
18,16,hoffman_grad,7,7,0,0,,0,0.014,1
18,16,drop_e_max,7,4,3,20,2,17,14.273,0
18,16,drop_l_hc,7,5,2,20,2,18,14.399,0
18,17,random,8,6,2,20,5,18,0.281,0
18,17,drop_alpha,8,5,3,20,4,17,0.492,0
18,17,hardcore_comarg,8,5,3,20,2,17,0.366,0
18,17,sdp_X_uw,8,5,3,20,2,17,1.09,0
18,17,lp_xu_plus_xw,8,8,0,20,,20,0.745,0
18,17,hoffman_grad,8,8,0,0,,0,0.014,1
18,17,drop_e_max,8,5,3,20,2,17,14.266,0
18,17,drop_l_hc,8,7,1,20,3,19,17.989,0
18,18,random,7,6,1,20,8,19,0.291,0
18,18,drop_alpha,7,5,2,20,2,18,0.525,0
18,18,hardcore_comarg,7,4,3,20,3,17,0.37,0
18,18,sdp_X_uw,7,4,3,20,2,17,1.19,0
18,18,lp_xu_plus_xw,7,7,0,20,,20,0.809,0
18,18,hoffman_grad,7,7,0,0,,0,0.015,1
18,18,drop_e_max,7,4,3,20,2,17,14.879,0
18,18,drop_l_hc,7,7,0,20,,20,13.766,0
18,19,random,7,6,1,20,10,19,0.284,0
18,19,drop_alpha,7,6,1,20,11,19,0.498,0
18,19,hardcore_comarg,7,4,3,20,2,17,0.428,0
18,19,sdp_X_uw,7,4,3,20,2,17,1.004,0
18,19,lp_xu_plus_xw,7,5,2,20,3,18,0.746,0
18,19,hoffman_grad,7,7,0,0,,0,0.016,1
18,19,drop_e_max,7,5,2,20,2,18,12.88,0
18,19,drop_l_hc,7,7,0,20,,20,16.75,0
20,0,random,8,6,2,20,5,18,0.433,0
20,0,drop_alpha,8,6,2,20,8,18,0.749,0
20,0,hardcore_comarg,8,5,3,20,2,17,0.551,0
20,0,sdp_X_uw,8,5,3,20,2,17,2.976,0
20,0,lp_xu_plus_xw,8,6,2,20,5,18,1.048,0
20,0,hoffman_grad,8,8,0,0,,0,0.023,1
20,0,drop_e_max,8,5,3,20,2,17,20.664,0
20,0,drop_l_hc,8,8,0,20,,20,24.58,0
20,1,random,7,6,1,20,10,19,0.414,0
20,1,drop_alpha,7,6,1,20,9,19,0.731,0
20,1,hardcore_comarg,7,5,2,20,2,18,0.544,0
20,1,sdp_X_uw,7,5,2,20,3,18,1.452,0
20,1,lp_xu_plus_xw,7,6,1,20,5,19,1.014,0
20,1,hoffman_grad,7,7,0,0,,0,0.022,1
20,1,drop_e_max,7,5,2,20,2,18,23.094,0
20,1,drop_l_hc,7,6,1,20,4,19,22.516,0
20,2,random,7,6,1,20,19,19,0.431,0
20,2,drop_alpha,7,6,1,20,3,19,0.776,0
20,2,hardcore_comarg,7,5,2,20,2,18,0.558,0
20,2,sdp_X_uw,7,5,2,20,2,18,3.069,0
20,2,lp_xu_plus_xw,7,6,1,20,10,19,1.052,0
20,2,hoffman_grad,7,7,0,0,,0,0.026,1
20,2,drop_e_max,7,5,2,20,2,18,21.253,0
20,2,drop_l_hc,7,7,0,20,,20,25.151,0
20,3,random,7,6,1,20,12,19,0.42,0
20,3,drop_alpha,7,6,1,20,2,19,0.731,0
20,3,hardcore_comarg,7,5,2,20,2,18,0.525,0
20,3,sdp_X_uw,7,5,2,20,2,18,1.305,0
20,3,lp_xu_plus_xw,7,6,1,20,17,19,0.983,0
20,3,hoffman_grad,7,7,0,0,,0,0.022,1
20,3,drop_e_max,7,5,2,20,2,18,21.903,0
20,3,drop_l_hc,7,7,0,20,,20,24.393,0
20,4,random,7,6,1,20,4,19,0.475,0
20,4,drop_alpha,7,5,2,20,2,18,0.792,0
20,4,hardcore_comarg,7,5,2,20,2,18,2.255,0
20,4,sdp_X_uw,7,5,2,20,2,18,1.499,0
20,4,lp_xu_plus_xw,7,5,2,20,6,18,1.084,0
20,4,hoffman_grad,7,7,0,0,,0,0.035,1
20,4,drop_e_max,7,5,2,20,2,18,20.212,0
20,4,drop_l_hc,7,6,1,20,3,19,23.825,0
20,5,random,7,6,1,20,15,19,0.405,0
20,5,drop_alpha,7,6,1,20,3,19,0.705,0
20,5,hardcore_comarg,7,5,2,20,2,18,0.594,0
20,5,sdp_X_uw,7,5,2,20,2,18,1.42,0
20,5,lp_xu_plus_xw,7,6,1,20,19,19,1.01,0
20,5,hoffman_grad,7,7,0,0,,0,0.022,1
20,5,drop_e_max,7,5,2,20,2,18,19.861,0
20,5,drop_l_hc,7,7,0,20,,20,20.536,0
20,6,random,8,6,2,20,10,18,0.419,0
20,6,drop_alpha,8,6,2,20,5,18,0.758,0
20,6,hardcore_comarg,8,5,3,20,2,17,0.563,0
20,6,sdp_X_uw,8,5,3,20,2,17,1.74,0
20,6,lp_xu_plus_xw,8,6,2,20,6,18,1.098,0
20,6,hoffman_grad,8,8,0,0,,0,0.021,1
20,6,drop_e_max,8,5,3,20,2,17,23.317,0
20,6,drop_l_hc,8,7,1,20,2,19,22.453,0
20,7,random,7,6,1,20,9,19,0.433,0
20,7,drop_alpha,7,6,1,20,3,19,0.794,0
20,7,hardcore_comarg,7,5,2,20,2,18,0.561,0
20,7,sdp_X_uw,7,5,2,20,2,18,1.523,0
20,7,lp_xu_plus_xw,7,6,1,20,7,19,0.992,0
20,7,hoffman_grad,7,7,0,0,,0,0.022,1
20,7,drop_e_max,7,5,2,20,2,18,20.677,0
20,7,drop_l_hc,7,6,1,20,18,19,23.499,0
20,8,random,7,5,2,20,15,18,0.433,0
20,8,drop_alpha,7,6,1,20,2,19,0.773,0
20,8,hardcore_comarg,7,5,2,20,2,18,0.554,0
20,8,sdp_X_uw,7,5,2,20,2,18,1.343,0
20,8,lp_xu_plus_xw,7,6,1,20,10,19,0.982,0
20,8,hoffman_grad,7,7,0,0,,0,0.022,1
20,8,drop_e_max,7,5,2,20,2,18,22.798,0
20,8,drop_l_hc,7,6,1,20,17,19,22.566,0
20,9,random,7,6,1,20,9,19,0.427,0
20,9,drop_alpha,7,5,2,20,2,18,0.856,0
20,9,hardcore_comarg,7,5,2,20,2,18,0.557,0
20,9,sdp_X_uw,7,5,2,20,3,18,1.376,0
20,9,lp_xu_plus_xw,7,5,2,20,3,18,0.984,0
20,9,hoffman_grad,7,7,0,0,,0,0.033,1
20,9,drop_e_max,7,5,2,20,2,18,21.498,0
20,9,drop_l_hc,7,6,1,20,3,19,24.182,0
20,10,random,7,7,0,20,,20,0.52,0
20,10,drop_alpha,7,6,1,20,3,19,0.744,0
20,10,hardcore_comarg,7,5,2,20,2,18,0.531,0
20,10,sdp_X_uw,7,5,2,20,2,18,1.467,0
20,10,lp_xu_plus_xw,7,6,1,20,12,19,0.99,0
20,10,hoffman_grad,7,7,0,0,,0,0.029,1
20,10,drop_e_max,7,5,2,20,2,18,22.026,0
20,10,drop_l_hc,7,7,0,20,,20,28.719,0
20,11,random,7,7,0,20,,20,0.694,0
20,11,drop_alpha,7,6,1,20,2,19,1.207,0
20,11,hardcore_comarg,7,5,2,20,2,18,0.788,0
20,11,sdp_X_uw,7,5,2,20,2,18,2.145,0
20,11,lp_xu_plus_xw,7,5,2,20,11,18,1.355,0
20,11,hoffman_grad,7,7,0,0,,0,0.022,1
20,11,drop_e_max,7,5,2,20,2,18,22.537,0
20,11,drop_l_hc,7,6,1,20,13,19,27.038,0
20,12,random,7,6,1,20,13,19,0.605,0
20,12,drop_alpha,7,6,1,20,4,19,1.144,0
20,12,hardcore_comarg,7,5,2,20,2,18,0.876,0
20,12,sdp_X_uw,7,5,2,20,2,18,3.613,0
20,12,lp_xu_plus_xw,7,6,1,20,2,19,1.486,0
20,12,hoffman_grad,7,7,0,0,,0,0.042,1
20,12,drop_e_max,7,5,2,20,2,18,23.455,0
20,12,drop_l_hc,7,7,0,20,,20,32.891,0
20,13,random,7,7,0,20,,20,0.685,0
20,13,drop_alpha,7,6,1,20,3,19,1.151,0
20,13,hardcore_comarg,7,5,2,20,2,18,0.895,0
20,13,sdp_X_uw,7,5,2,20,2,18,2.329,0
20,13,lp_xu_plus_xw,7,6,1,20,5,19,1.582,0
20,13,hoffman_grad,7,7,0,0,,0,0.031,1
20,13,drop_e_max,7,5,2,20,2,18,25.808,0
20,13,drop_l_hc,7,7,0,20,,20,33.858,0
20,14,random,7,5,2,20,8,18,0.663,0
20,14,drop_alpha,7,5,2,20,2,18,1.236,0
20,14,hardcore_comarg,7,5,2,20,2,18,0.832,0
20,14,sdp_X_uw,7,5,2,20,2,18,1.994,0
20,14,lp_xu_plus_xw,7,5,2,20,8,18,1.6,0
20,14,hoffman_grad,7,7,0,0,,0,0.037,1
20,14,drop_e_max,7,5,2,20,2,18,25.477,0
20,14,drop_l_hc,7,6,1,20,6,19,34.143,0
20,15,random,7,6,1,20,20,19,0.671,0
20,15,drop_alpha,7,5,2,20,3,18,1.191,0
20,15,hardcore_comarg,7,5,2,20,3,18,0.689,0
20,15,sdp_X_uw,7,5,2,20,2,18,2.088,0
20,15,lp_xu_plus_xw,7,6,1,20,3,19,1.557,0
20,15,hoffman_grad,7,7,0,0,,0,0.031,1
20,15,drop_e_max,7,5,2,20,2,18,32.981,0
20,15,drop_l_hc,7,6,1,20,4,19,33.665,0
20,16,random,7,5,2,20,5,18,0.667,0
20,16,drop_alpha,7,5,2,20,5,18,1.192,0
20,16,hardcore_comarg,7,5,2,20,2,18,0.841,0
20,16,sdp_X_uw,7,5,2,20,2,18,1.963,0
20,16,lp_xu_plus_xw,7,6,1,20,19,19,3.016,0
20,16,hoffman_grad,7,7,0,0,,0,0.037,1
20,16,drop_e_max,7,5,2,20,2,18,24.834,0
20,16,drop_l_hc,7,6,1,20,12,19,24.787,0
20,17,random,7,7,0,20,,20,0.448,0
20,17,drop_alpha,7,6,1,20,9,19,0.892,0
20,17,hardcore_comarg,7,5,2,20,3,18,0.847,0
20,17,sdp_X_uw,7,5,2,20,3,18,2.091,0
20,17,lp_xu_plus_xw,7,5,2,20,7,18,1.597,0
20,17,hoffman_grad,7,7,0,0,,0,0.024,1
20,17,drop_e_max,7,5,2,20,2,18,25.468,0
20,17,drop_l_hc,7,7,0,20,,20,27.84,0
20,18,random,7,6,1,20,8,19,0.486,0
20,18,drop_alpha,7,6,1,20,2,19,0.831,0
20,18,hardcore_comarg,7,5,2,20,2,18,0.579,0
20,18,sdp_X_uw,7,5,2,20,2,18,1.525,0
20,18,lp_xu_plus_xw,7,5,2,20,2,18,1.049,0
20,18,hoffman_grad,7,7,0,0,,0,0.028,1
20,18,drop_e_max,7,5,2,20,2,18,26.733,0
20,18,drop_l_hc,7,6,1,20,3,19,29.136,0
20,19,random,7,6,1,20,15,19,0.632,0
20,19,drop_alpha,7,5,2,20,4,18,1.115,0
20,19,hardcore_comarg,7,5,2,20,2,18,0.833,0
20,19,sdp_X_uw,7,5,2,20,2,18,1.944,0
20,19,lp_xu_plus_xw,7,6,1,20,2,19,1.469,0
20,19,hoffman_grad,7,7,0,0,,0,0.03,1
20,19,drop_e_max,7,5,2,20,2,18,31.809,0
20,19,drop_l_hc,7,6,1,20,3,19,35.975,0
22,0,random,8,7,1,20,3,19,0.864,0
22,0,drop_alpha,8,6,2,20,5,18,1.587,0
22,0,hardcore_comarg,8,5,3,20,2,17,1.087,0
22,0,sdp_X_uw,8,5,3,20,2,17,2.67,0
22,0,lp_xu_plus_xw,8,6,2,20,5,18,1.62,0
22,0,hoffman_grad,8,8,0,0,,0,0.039,1
22,1,random,8,7,1,20,12,19,0.691,0
22,1,drop_alpha,8,7,1,20,2,19,1.446,0
22,1,hardcore_comarg,8,5,3,20,2,17,1.024,0
22,1,sdp_X_uw,8,5,3,20,2,17,2.609,0
22,1,lp_xu_plus_xw,8,6,2,20,8,18,3.343,0
22,1,hoffman_grad,8,8,0,0,,0,0.035,1
22,2,random,8,8,0,20,,20,0.823,0
22,2,drop_alpha,8,7,1,20,3,19,1.507,0
22,2,hardcore_comarg,8,5,3,20,2,17,0.877,0
22,2,sdp_X_uw,8,5,3,20,2,17,2.552,0
22,2,lp_xu_plus_xw,8,6,2,20,12,18,1.836,0
22,2,hoffman_grad,8,8,0,0,,0,0.047,1
22,3,random,8,7,1,20,7,19,0.68,0
22,3,drop_alpha,8,7,1,20,3,19,1.373,0
22,3,hardcore_comarg,8,5,3,20,2,17,1.018,0
22,3,sdp_X_uw,8,5,3,20,2,17,2.545,0
22,3,lp_xu_plus_xw,8,7,1,20,4,19,1.462,0
22,3,hoffman_grad,8,8,0,0,,0,0.03,1
22,4,random,8,7,1,20,6,19,0.632,0
22,4,drop_alpha,8,7,1,20,9,19,1.097,0
22,4,hardcore_comarg,8,5,3,20,2,17,0.851,0
22,4,sdp_X_uw,8,5,3,20,2,17,2.213,0
22,4,lp_xu_plus_xw,8,6,2,20,2,18,1.444,0
22,4,hoffman_grad,8,8,0,0,,0,0.032,1
22,5,random,8,7,1,20,8,19,0.669,0
22,5,drop_alpha,8,6,2,20,4,18,1.35,0
22,5,hardcore_comarg,8,5,3,20,2,17,1.147,0
22,5,sdp_X_uw,8,5,3,20,2,17,2.657,0
22,5,lp_xu_plus_xw,8,6,2,20,8,18,1.607,0
22,5,hoffman_grad,8,8,0,0,,0,0.038,1
22,6,random,8,7,1,20,4,19,0.774,0
22,6,drop_alpha,8,6,2,20,3,18,1.387,0
22,6,hardcore_comarg,8,5,3,20,2,17,2.495,0
22,6,sdp_X_uw,8,5,3,20,2,17,1.791,0
22,6,lp_xu_plus_xw,8,6,2,20,2,18,1.569,0
22,6,hoffman_grad,8,8,0,0,,0,0.032,1
22,7,random,8,6,2,20,15,18,0.675,0
22,7,drop_alpha,8,6,2,20,4,18,1.366,0
22,7,hardcore_comarg,8,5,3,20,2,17,1.072,0
22,7,sdp_X_uw,8,5,3,20,2,17,2.996,0
22,7,lp_xu_plus_xw,8,6,2,20,4,18,1.767,0
22,7,hoffman_grad,8,8,0,0,,0,0.043,1
22,8,random,8,8,0,20,,20,0.888,0
22,8,drop_alpha,8,6,2,20,2,18,1.371,0
22,8,hardcore_comarg,8,5,3,20,2,17,1.076,0
22,8,sdp_X_uw,8,5,3,20,2,17,2.533,0
22,8,lp_xu_plus_xw,8,7,1,20,13,19,1.852,0
22,8,hoffman_grad,8,8,0,0,,0,0.046,1
22,9,random,8,6,2,20,10,18,0.972,0
22,9,drop_alpha,8,6,2,20,3,18,1.618,0
22,9,hardcore_comarg,8,5,3,20,2,17,1.179,0
22,9,sdp_X_uw,8,5,3,20,2,17,2.484,0
22,9,lp_xu_plus_xw,8,6,2,20,3,18,1.849,0
22,9,hoffman_grad,8,8,0,0,,0,0.043,1
