graph_id,n,d,alpha,lam_min,hoffman,theta,theta_over_alpha,theta_over_hoff,alpha_over_hoff,theta_minus_alpha,c_log,group
22a88f2e556f1ff1,10,4,3,-2.236068,3.58570175950615,3.1671833269401555,1.0557277756467185,0.8832813042924027,0.8366563091998991,0.16718332694015547,0.865617,SG_10_1_D10
2c3e71140dff24e8,11,4,3,-2.203616,3.9073624157265696,3.4517961885139457,1.1505987295046485,0.8834082486490028,0.7677813524349401,0.45179618851394565,0.786925,SG_11_1_C11
25eaa849d935f0d3,12,3,4,-2.0,4.8,4.000001268184792,1.000000317046198,0.8333335975384983,0.8333333333333334,1.2681847918472045e-06,0.910239,SG_12_1_C3:C4
24089de3c77778ec,12,5,3,-3.0,4.5,3.4640951434202956,1.1546983811400986,0.7697989207600657,0.6666666666666666,0.46409514342029556,0.776669,SG_12_2_C12
301907db69ee766b,12,5,3,-2.236068,3.7082039582823163,3.708203631818523,1.236067877272841,0.9999999119617483,0.8090169887498948,0.708203631818523,0.776669,SG_12_3_A4
c601b815eb1ede0e,13,6,3,-3.197832,4.519740738904559,3.6055572397158997,1.2018524132386332,0.7977354118302307,0.663754886243122,0.6055572397158997,0.772769,SG_13_1_C13
f8d1e3091db6f467,14,4,4,-2.24698,5.035668434987786,4.219825954358338,1.0549564885895846,0.8379872521071919,0.7943334736274594,0.2198259543583383,0.824397,SG_14_1_D14
e822613277e729b5,14,4,4,-2.24698,5.035668434987786,4.505530764672676,1.126382691168169,0.8947234757094574,0.7943334736274594,0.5055307646726757,0.824397,SG_14_2_C14
165bd50c87de1c22,15,6,4,-2.827091,4.804115534778105,4.522094777128774,1.1305236942821935,0.9412960084727944,0.8326194428595802,0.5220947771287738,0.892977,SG_15_1_C15
0a68d1a825a5136a,16,3,8,-3.0,8.0,8.000014907392014,1.0000018634240018,1.0000018634240018,1.0,1.490739201415181e-05,1.365359,SG_16_12_C2xQ8
081d077214f2f1a0,16,5,5,-3.0,6.0,6.000003307807702,1.2000006615615404,1.0000005513012837,0.8333333333333334,1.0000033078077024,0.970836,SG_16_2_C4xC4
880b0fb4383e5f23,16,4,4,-2.0,5.333333333333333,4.686290538843863,1.1715726347109658,0.8786794760332244,0.75,0.6862905388438634,0.721348,SG_16_1_C16
6510039dfe5d9d24,16,6,4,-2.828427,5.126035702622902,4.6862925031853715,1.1715731257963429,0.9142137852819633,0.7803301092798224,0.6862925031853715,0.837166,SG_16_4_C4:C4
632f63a7f3c4caa6,16,7,4,-3.0,4.8,3.999999066203735,0.9999997665509337,0.8333331387924447,0.8333333333333334,-9.337962652011811e-07,0.899322,SG_16_6_C8:C2
42167d69026f7fe2,16,5,4,-3.0,6.0,4.999998704787203,1.2499996761968009,0.8333331174645339,0.6666666666666666,0.9999987047872034,0.776669,SG_16_3_(C4xC2):C2
ff2b19f34a7432c4,16,6,4,-2.0,4.0,3.99999960164196,0.99999990041049,0.99999990041049,1.0,-3.983580398880804e-07,0.837166,SG_16_2_C4xC4
616eac31100bc37e,17,8,3,-2.561553,4.123105853845548,4.123105744236,1.374368581412,0.9999999734157812,0.7276068348334916,1.1231057442359997,0.678915,SG_17_1_C17
a107a2bf38145367,18,6,6,-3.0,6.0,6.00005399348181,1.000008998913635,1.000008998913635,1.0,5.3993481810010735e-05,1.116221,SG_18_4_(C3xC3):C2
82594daeae0dcfe3,18,6,4,-2.532089,5.341904192513698,5.004804511376339,1.2512011278440847,0.9368952214437353,0.7487966567438102,1.0048045113763386,0.744148,SG_18_1_D18
103fecccf50f605c,18,7,4,-2.791288,5.131417235403555,4.762205388153577,1.1905513470383942,0.9280487572316963,0.7795117443193886,0.7622053881535766,0.799397,SG_18_3_C3xS3
f856cd55cb058447,18,7,4,-3.0,5.4,4.999959771526385,1.2499899428815961,0.9259184762085897,0.7407407407407407,0.9999597715263846,0.799397,SG_18_5_C6xC3
6a8d281aabad2908,19,6,4,-2.285142,5.240428951006512,5.2404334399879655,1.3101083599969914,1.0000008566057275,0.7632962945202669,1.2404334399879655,0.704982,SG_19_1_C19
18147bf6fda98e69,20,7,4,-3.854102,7.101650601772491,5.306063756099709,1.3265159390249273,0.7471592244731635,0.5632493379780815,1.306063756099709,0.719458,SG_20_4_D20
7834164967efd010,20,8,4,-4.236068,6.923903986149799,5.1572431389224125,1.2893107847306031,0.744846137271499,0.5777087619934335,1.1572431389224125,0.769437,SG_20_1_C5:C4
517e6a25ff72f0ce,20,8,4,-4.236068,6.923903986149799,5.276242307157889,1.3190605767894723,0.7620328528113904,0.5777087619934335,1.2762423071578892,0.769437,SG_20_2_C20
56e3dfc2e07344e1,20,8,4,-4.0,6.666666666666667,5.2573106410076935,1.3143276602519234,0.788596596151154,0.6,1.2573106410076935,0.769437,SG_20_3_C5:C4
94aba0c67d46d31a,21,8,4,-2.71871,5.32647212211171,4.841093351102946,1.2102733377757364,0.9088742492439192,0.7509661006944645,0.8410933511029457,0.732797,SG_21_1_C7:C3
8812a7612418bc72,21,8,4,-3.493959,6.383626303173693,5.404425617405492,1.351106404351373,0.8466074548753927,0.6266030951735622,1.4044256174054919,0.732797,SG_21_2_C21
aa356a092d0eb4fc,22,8,4,-3.707599,6.967028679407281,5.670927538989828,1.417731884747457,0.8139664410671381,0.5741328454442791,1.6709275389898277,0.699489,SG_22_1_D22
1eafdd6b8f201a60,23,4,7,-2.221182,8.211813446383662,7.574423534605748,1.0820605049436782,0.9223813453703567,0.8524304705293417,0.5744235346057476,0.878162,SG_23_1_C23
858f87ff2796b18c,23,8,5,-4.960305,8.802803251929642,6.289031175905452,1.2578062351810904,0.7144350493721244,0.5680008807312559,1.2890311759054516,0.836345,SG_23_1_C23
09dab3e43b37c1dd,23,8,5,-3.648692,7.204235119273477,6.289004095685858,1.2578008191371715,0.8729593067917643,0.6940362047073546,1.2890040956858577,0.836345,SG_23_1_C23
36297bd904187f06,24,8,8,-4.0,8.0,7.999948507613129,0.9999935634516411,0.9999935634516411,1.0,-5.1492386870855e-05,1.282396,SG_24_7_C2x(C3:C4)
f3eb0de1e608fee5,24,6,8,-3.0,8.0,8.000001313700265,1.0000001642125331,1.0000001642125331,1.0,1.3137002650154272e-06,1.116221,SG_24_7_C2x(C3:C4)
3c9b2c4e75c6113b,24,4,6,-2.0,8.0,7.029437624364954,1.171572937394159,0.8786797030456193,0.75,1.0294376243649541,0.721348,SG_24_1_C3:C8
e08f8665369fdab7,24,5,6,-3.0,9.0,6.928233876619711,1.1547056461032852,0.7698037640688568,0.6666666666666666,0.9282338766197107,0.776669,SG_24_4_C3:Q8
b2a2e076b36c1d16,24,7,6,-3.0,7.2,6.319175947092917,1.053195991182153,0.8776633259851274,0.8333333333333333,0.3191759470929174,0.899322,SG_24_11_C3xQ8
39196d1148b56199,24,7,6,-3.0,7.2,7.200011403787385,1.2000019006312308,1.000001583859359,0.8333333333333333,1.2000114037873848,0.899322,SG_24_15_C6xC2xC2
c863d7998807709c,24,7,5,-3.372281,7.80298412663521,6.399980327948182,1.2799960655896363,0.8201965073979934,0.6407804910089048,1.3999803279481817,0.749435,"SG_24_3_SL(2,3)"
eaeff9bb717e546f,24,7,5,-3.0,7.2,6.334370096136093,1.2668740192272185,0.8797736244633462,0.6944444444444444,1.3343700961360927,0.749435,SG_24_13_C2xA4
a19748a11c4edf5f,24,9,5,-5.0,8.571428571428571,6.285720410172692,1.2571440820345383,0.7333340478534808,0.5833333333333334,1.2857204101726918,0.853349,SG_24_15_C6xC2xC2
5717078a29d135df,24,10,4,-3.732051,6.522639917372866,5.7303516674104875,1.4325879168526219,0.8785325788332816,0.6132486310253175,1.7303516674104875,0.723824,SG_24_5_C4xS3
3976a3cbedf01cd1,24,10,4,-4.0,6.857142857142857,5.706446707829069,1.4266116769572672,0.8321901448917393,0.5833333333333334,1.7064467078290688,0.723824,SG_24_9_C12xC2
4a554f4d687ed161,25,6,7,-2.618034,7.594638173857287,7.594770008147773,1.0849671440211104,1.0000173588639074,0.921702896142678,0.5947700081477727,0.937626,SG_25_2_C5xC5
5162870f0ef78acd,25,8,6,-4.236068,8.65487998268725,7.151492079874608,1.1919153466457681,0.8262959271740409,0.6932505143921202,1.1514920798746084,0.923325,SG_25_1_C25
b3b3e7832f35c3c6,25,8,6,-4.236068,8.65487998268725,7.360681268177853,1.2267802113629755,0.8504660125734567,0.6932505143921202,1.3606812681778528,0.923325,SG_25_2_C5xC5
cc40d15fda8837a4,25,6,6,-2.767301,7.890971805348077,7.274762146235849,1.212460357705975,0.921909534806018,0.7603626204738841,1.2747621462358492,0.803679,SG_25_1_C25
3fdda50658cb52c9,26,6,7,-3.47981,9.543973982600917,7.9251037659663774,1.1321576808523397,0.8303777630171865,0.7334470958073971,0.9251037659663774,0.901563,SG_26_1_D26
455cbb3045ff254f,26,6,6,-3.197832,9.039481477809119,7.211102185499438,1.2018503642499063,0.7977340518039514,0.663754886243122,1.2111021854994384,0.772769,SG_26_1_D26
b04f6f0837d38069,26,6,6,-2.302776,7.211103370728056,7.211044735092775,1.2018407891821292,0.9999918687013254,0.8320501997455378,1.2110447350927753,0.772769,SG_26_2_C26
ffd8e39f5b217a4c,26,6,6,-2.665968,7.998548806088368,7.591774873021954,1.2652958121703257,0.9491440331330123,0.750136074112956,1.5917748730219543,0.772769,SG_26_2_C26
488bf636de56592b,27,4,9,-2.0,9.0,8.999995122485693,0.9999994580539658,0.9999994580539658,1.0,-4.8775143071111415e-06,0.961797,SG_27_2_C9xC3
3dfe6b69472a8190,27,4,9,-2.0,9.0,9.00013969779366,1.0000155219770734,1.0000155219770734,1.0,0.00013969779366007629,0.961797,SG_27_3_(C3xC3):C3
d307cca7e5ea8fea,27,6,9,-3.0,9.0,9.00002110100785,1.0000023445564277,1.0000023445564277,1.0,2.110100784946667e-05,1.116221,SG_27_5_C3xC3xC3
e167669f5a27a7cc,27,6,7,-2.569281,8.095263418249443,7.799178770755327,1.1141683958221895,0.9634249520742411,0.8647031774432007,0.7991787707553266,0.868172,SG_27_1_C27
b44afa63f44450cf,27,8,6,-3.532089,8.269655480459786,7.976271857216654,1.3293786428694423,0.9645228723329088,0.7255441310919527,1.9762718572166538,0.85493,SG_27_2_C9xC3
b0906988eef7002a,27,10,5,-3.544607,7.065866805880748,6.873369460823313,1.3746738921646626,0.9727567260541589,0.7076272646179267,1.8733694608233131,0.804249,SG_27_4_C9:C3
faf7874b060180d9,28,4,8,-2.24698,10.071336869975571,9.011061641949233,1.1263827052436541,0.8947234868900865,0.7943334736274594,1.011061641949233,0.824397,SG_28_4_C14xC2
50430252a8dff686,28,7,7,-3.372581,9.104028013856917,7.817347702234109,1.1167639574620156,0.8586691177065363,0.7688904284285537,0.8173477022341089,0.899322,SG_28_2_C28
5666b443de37834d,28,7,7,-3.0,8.4,7.805400539187355,1.115057219883908,0.9292143499032565,0.8333333333333333,0.8054005391873549,0.899322,SG_28_3_D28
1df3ee71678fac7d,28,7,6,-4.405813,10.815779988677702,7.818710601438214,1.3031184335730357,0.7228984511170794,0.554745012036209,1.8187106014382142,0.770848,SG_28_3_D28
a946db5b645fbc42,28,10,5,-4.603875,8.827006530800901,6.699774420424028,1.3399548840848055,0.7590086624549192,0.5664434463204521,1.6997744204240277,0.775526,SG_28_1_C7:C4
e4dba20844ab4a4d,29,8,6,-3.50545,8.835643108266083,7.820624047039749,1.3034373411732914,0.8851222204440619,0.6790677177065663,1.8206240470397486,0.79597,SG_29_1_C29
a4cd8782ae43c174,29,10,6,-4.273131,8.682103387126483,7.450416489930405,1.2417360816550675,0.8581349654252701,0.6910767739643124,1.4504164899304053,0.89854,SG_29_1_C29
77af238fe34f0cde,29,10,6,-4.692239,9.261687820351955,7.08014006383976,1.1800233439732934,0.7644546222214069,0.6478300841468,1.0801400638397602,0.89854,SG_29_1_C29
4af8b34931bb6fee,30,8,7,-4.236068,10.385855979224699,8.47451739636632,1.2106453423380457,0.8159671589244337,0.6739935556590058,1.4745173963663198,0.897677,SG_30_4_C30
167bc4264ed1856c,30,7,7,-3.497212,9.994688113377151,7.981597355890024,1.1402281936985748,0.7985839343207964,0.7003720296815483,0.981597355890024,0.839367,SG_30_2_C3xD10
076656aac7ff579f,30,8,6,-3.956295,9.926892068153219,8.280859187196185,1.3801431978660308,0.8341844688492459,0.6044187807026524,2.280859187196185,0.769437,SG_30_3_D30
48f1682d3a64763a,30,11,6,-3.854102,7.783914503885863,6.708245397125383,1.1180408995208972,0.8618087202494982,0.770820388251271,0.708245397125383,0.917471,SG_30_1_C5xS3
5c13345ed414ca68,30,8,6,-4.0,10.0,8.21664321759555,1.369440536265925,0.821664321759555,0.6,2.21664321759555,0.769437,SG_30_3_D30
878b29ae274556df,30,8,6,-3.618034,9.342460178718706,7.999765937497975,1.3332943229163292,0.856280442674054,0.6422291222249431,1.9997659374979753,0.769437,SG_30_4_C30
cabec6c77270953d,30,10,6,-3.854102,8.345763586842367,7.519791102214564,1.2532985170357607,0.9010309271245112,0.7189276256829736,1.5197911022145636,0.868589,SG_30_1_C5xS3
e383b3fe721d2153,30,8,6,-4.236068,10.385855979224699,8.280859253996212,1.3801432089993686,0.7973208246446698,0.5777087619934335,2.280859253996212,0.769437,SG_30_4_C30
fba6377446c30431,31,8,7,-3.705704,9.81374755418384,8.327107564128031,1.189586794875433,0.8485145473889821,0.713285109623156,1.3271075641280312,0.86872,SG_31_1_C31
aa1edb19fea36f8d,32,5,10,-3.0,12.0,11.999996470602863,1.1999996470602863,0.9999997058835719,0.8333333333333334,1.9999964706028628,0.970836,SG_32_45_C4xC2xC2xC2
f7bac1a5bfba6ac4,32,6,10,-4.0,12.8,12.000059207668436,1.2000059207668436,0.9375046255990965,0.78125,2.0000592076684356,1.046457,SG_32_45_C4xC2xC2xC2
43adfd124f62a42c,32,4,8,-2.0,10.666666666666666,9.372590750245374,1.1715738437806718,0.8786803828355039,0.75,1.372590750245374,0.721348,SG_32_1_C32
f33349328cc8250d,32,6,8,-2.828427,10.252071405245804,10.252062886041964,1.2815078607552455,0.9999991690260921,0.7803301092798224,2.252062886041964,0.837166,SG_32_2_(C4xC2):C4
11b2498f082125f4,32,6,8,-2.0,8.0,8.000010394223914,1.0000012992779892,1.0000012992779892,1.0,1.0394223913579026e-05,0.837166,SG_32_21_C4xC4xC2
996f7c8877784949,32,6,8,-2.828427,10.252071405245804,9.37257807234213,1.1715722590427662,0.9142131089280501,0.7803301092798224,1.3725780723421295,0.837166,SG_32_23_C2x(C4:C4)
4e9a35d687fd406c,32,5,8,-3.0,12.0,9.99996662727697,1.2499958284096213,0.8333305522730808,0.6666666666666666,1.9999666272769705,0.776669,SG_32_24_(C4xC4):C2
991d546179b15d5a,32,10,8,-6.0,12.0,8.00000081395162,1.0000001017439526,0.6666667344959684,0.6666666666666666,8.13951620770581e-07,1.085736,SG_32_26_C4xQ8
017752636f2b5b98,32,12,8,-4.0,8.0,8.000009002198599,1.0000011252748249,1.0000011252748249,1.0,9.002198599006306e-06,1.207289,SG_32_32_(C2xC2).(C2xC2xC2)
89f9e6ae8f9e23b8,32,9,8,-5.0,11.428571428571429,8.000004501296079,1.0000005626620099,0.7000003938634068,0.7,4.501296078984751e-06,1.024019,SG_32_33_(C4xC4):C2
342a5944c3516cbe,33,12,5,-4.742045,9.346975533753492,7.685600273489583,1.5371200546979167,0.8222553109009,0.5349323941144559,2.685600273489583,0.73169,SG_33_1_C33
2a7d3786d6094bbd,34,8,6,-2.561553,8.246211707691096,8.246229304476028,1.3743715507460046,1.000002133923498,0.7276068348334916,2.246229304476028,0.678915,SG_34_2_C34
3d352bdb86d98e6e,35,10,7,-4.603875,11.033758163501126,8.791524272433131,1.2559320389190187,0.7967842091659084,0.6344166598789063,1.791524272433131,0.868589,SG_35_1_C35
cf4883add84c00fc,36,10,9,-3.557837,9.447091892312912,8.999974586406175,0.9999971762673527,0.9526714346591086,0.9526741247561369,-2.541359382490782e-05,1.085736,SG_36_3_(C2xC2):C9
2e4f747eb3c8f0f9,36,5,9,-3.0,13.5,10.392306721423175,1.1547007468247972,0.7698004978831982,0.6666666666666666,1.392306721423175,0.776669,SG_36_8_C12xC3
68b157c8554fb24c,36,5,9,-2.75877,12.800446462519188,11.189032824193465,1.2432258693548295,0.8741127004402478,0.7031004759367399,2.1890328241934647,0.776669,SG_36_3_(C2xC2):C9
d3ac0d03a4bc2366,36,6,8,-2.532089,10.683808385027396,10.00961329893245,1.2512016623665563,0.936895621692375,0.7487966567438102,2.00961329893245,0.744148,SG_36_1_C9:C4
5e1b058c60476ea6,36,8,8,-3.0,9.818181818181818,9.333333216980844,1.1666666521226055,0.9506172720999008,0.8148148148148148,1.3333332169808436,0.85493,SG_36_6_C3x(C3:C4)
dc80384b96bcbee8,36,7,8,-3.0,10.8,10.000001569669188,1.2500001962086484,0.9259260712656654,0.7407407407407407,2.0000015696691875,0.799397,SG_36_7_(C3xC3):C4
d22ca467af24fc60,36,8,8,-4.0,12.0,9.600005812100978,1.2000007265126222,0.8000004843417482,0.6666666666666666,1.600005812100978,0.85493,SG_36_12_C6xS3
bd1e40cfa07cd84f,36,11,7,-5.0,11.25,8.746969421728306,1.249567060246901,0.7775083930425161,0.6222222222222222,1.7469694217283056,0.891986,SG_36_13_C2x((C3xC3):C2)
ed52be2121658d5e,36,11,6,-5.0,11.25,8.690163082848676,1.4483605138081126,0.7724589406976601,0.5333333333333333,2.6901630828486756,0.764559,SG_36_9_(C3xC3):C4
36f64e06d3c7c839,36,10,6,-3.732051,9.783959876059301,8.853244161881378,1.4755406936468962,0.9048733104011063,0.6132486310253173,2.8532441618813777,0.723824,SG_36_10_S3xS3
8af43bf8deadf7fc,36,11,6,-4.0,9.6,8.764065591926077,1.460677598654346,0.9129234991589663,0.625,2.7640655919260766,0.764559,SG_36_9_(C3xC3):C4
0dc3b8078f65d5ac,37,6,10,-2.811462,11.80554305290087,11.22926731150601,1.122926731150601,0.951186003150168,0.847059720606651,1.2292673115060104,0.905044,SG_37_1_C37
46957f45fe0a32c7,37,12,7,-4.52176,10.126349735137175,9.017893471681392,1.2882704959544846,0.8905374303230336,0.6912658739911846,2.0178934716813917,0.913624,SG_37_1_C37
beac5c7bb4db9fd5,38,6,8,-2.285142,10.480857902013025,10.480861136717584,1.310107642089698,1.0000003086297504,0.7632962945202669,2.480861136717584,0.704982,SG_38_2_C38
e369f25c5446f75b,39,6,9,-3.197832,13.559222216713676,10.816636302223724,1.2018484780248582,0.7977327998128592,0.6637548862431221,1.8166363022237242,0.772769,SG_39_2_C39
d85a4619da3aaf82,39,12,7,-3.667372,9.129004404822965,8.465564054737326,1.2093662935339038,0.927326100342866,0.7667867918107055,1.4655640547373263,0.866771,SG_39_1_C13:C3
52564535904acd14,39,12,7,-5.58702,12.38946564000041,9.571202700414771,1.3673146714878244,0.7725274825020181,0.5649961187510721,2.571202700414771,0.866771,SG_39_2_C39
1cbdd0cbc6a20c05,39,12,7,-3.605551,9.010671202830327,8.954402988108653,1.2792004268726647,0.9937553803201697,0.7768566672148953,1.9544029881086527,0.866771,SG_39_1_C13:C3
e62bcb7cc970bc3f,40,4,10,-2.0,13.333333333333334,11.715623170787424,1.1715623170787424,0.8786717378090567,0.75,1.715623170787424,0.721348,SG_40_1_C5:C8
1d084aa86de18879,40,6,10,-2.520147,11.831471921787266,11.15074366988345,1.115074366988345,0.9424646184004987,0.8452033750412178,1.1507436698834503,0.837166,SG_40_4_C5:Q8
6a22d3c520644a5c,40,6,10,-2.793604,12.70743599552584,11.65557883444492,1.165557883444492,0.9172250671613639,0.7869408119404181,1.6555788344449205,0.837166,SG_40_9_C20xC2
726d1243c73e5fdf,40,6,10,-2.689994,12.382029262620895,11.471199182269357,1.1471199182269358,0.9264393532729591,0.8076220616105463,1.4711991822693573,0.837166,SG_40_11_C5xQ8
36a71791a7ba7166,40,7,8,-3.854102,14.203301203544981,10.612142596762475,1.3265178245953093,0.7471602865194329,0.5632493379780815,2.6121425967624745,0.719458,SG_40_5_C4xD10
529dc29793a1702d,40,8,8,-4.236068,13.847807972299599,10.31450187617531,1.2893127345219138,0.7448472636830232,0.5777087619934335,2.31450187617531,0.769437,SG_40_7_C2x(C5:C4)
0530dd276443942d,41,14,6,-5.988703,12.283779642931309,9.1434708664362,1.5239118110727,0.7443532147450889,0.48844900954021064,3.1434708664362,0.77633,SG_41_1_C41
cd0b919562b47f7e,42,8,8,-2.71871,10.65294424422342,9.682196894180404,1.2102746117725505,0.908875205972339,0.7509661006944645,1.6821968941804037,0.732797,SG_42_2_C2x(C7:C3)
9bea1abd1843d8ef,42,8,8,-3.493959,12.767252606347386,10.808801481739872,1.351100185217484,0.8466035579468485,0.6266030951735622,2.808801481739872,0.732797,SG_42_6_C42
054233c67e47fd26,42,13,8,-4.58687,10.954111789079011,9.514771500048747,1.1893464375060934,0.8686027387026256,0.730319368109408,1.514771500048747,0.965395,SG_42_1_C7:C6
191fdafa570a832d,42,14,6,-6.542877,13.37694004593417,9.511617187061503,1.5852695311769172,0.7110458112543081,0.4485330710459198,3.5116171870615034,0.757846,SG_42_5_D42
35e47dda9e0bf30b,43,6,12,-2.753133,13.524839506037438,13.068975104993859,1.0890812587494882,0.9662942838737507,0.8872563696333139,1.068975104993859,0.934511,SG_43_1_C43
a00aa668435bb667,44,8,8,-3.707599,13.934057358814561,11.34186113290484,1.417732641613105,0.8139668756085664,0.5741328454442791,3.3418611329048407,0.699489,SG_44_4_C22xC2
81131bc47edd303c,45,12,9,-5.365272,13.903452822391724,10.520137058446021,1.1689041176051136,0.7566564358389579,0.6473212168926384,1.5201370584460214,0.965831,SG_45_2_C15xC3
6c188bcffef07410,45,16,6,-6.542201,13.059906838733273,9.699923135988342,1.616653855998057,0.7427252932019516,0.4594213476473743,3.6999231359883424,0.769437,SG_45_1_C45
b490348ed63c6043,46,10,9,-4.16922,13.535263056117415,11.644410612230951,1.2938234013589947,0.8603017587432945,0.6649298179640734,2.644410612230951,0.849707,SG_46_1_D46
8fd1009809fd77ee,46,16,6,-6.382815,13.117630199776032,9.872511518346023,1.6454185863910038,0.7526139529771608,0.4573996909977263,3.8725115183460233,0.75271,SG_46_2_C46
907af7d4a282dfb7,47,10,9,-4.263347,14.048407361890588,12.028285472850092,1.3364761636500102,0.8562027824933007,0.6406420150097932,3.028285472850092,0.831628,SG_47_1_C47
5a0f54dfe475babb,48,4,12,-2.0,16.0,14.058832655543505,1.1715693879619586,0.878677040971469,0.75,2.0588326555435046,0.721348,SG_48_1_C3:C16
e8018aa7b533f99a,48,5,12,-3.0,18.0,15.000002663026375,1.2500002219188646,0.8333334812792431,0.6666666666666666,3.0000026630263754,0.776669,SG_48_19_(C6xC2):C4
823ed5cb003bdb6a,48,9,12,-3.0,12.0,11.999997154982488,0.9999997629152073,0.9999997629152073,1.0,-2.8450175122429755e-06,1.024019,SG_48_50_(C2xC2xC2xC2):C3
5fa6b3cbde971ea1,48,7,10,-3.372281,15.60596825327042,12.799997739982464,1.2799997739982465,0.8201988836738835,0.6407804910089048,2.799997739982464,0.749435,"SG_48_32_C2xSL(2,3)"
b64f2da15a4be407,48,7,10,-3.0,14.4,12.668732443920433,1.2668732443920434,0.8797730863833634,0.6944444444444444,2.668732443920433,0.749435,SG_48_30_A4:C4
28ea7fdfaa32e076,48,12,10,-5.0,14.117647058823529,12.000027797214095,1.2000027797214095,0.8500019689693318,0.7083333333333334,2.000027797214095,1.006074,SG_48_42_C2xC2x(C3:C4)
65e63e2a14326115,48,9,10,-5.0,17.142857142857142,12.57144665484551,1.2571446654845508,0.7333343881993214,0.5833333333333334,2.5714466548455093,0.853349,SG_48_52_C6xC2xC2xC2
97bc21ae2a5e3ee1,48,13,9,-4.0,11.294117647058824,10.483530662021003,1.1648367402245559,0.9282292773664429,0.796875,1.4835306620210034,0.950311,SG_48_3_(C4xC4):C3
0c963ff3b1a1976b,48,10,8,-4.0,13.714285714285714,11.41289092600973,1.4266113657512163,0.8321899633548762,0.5833333333333334,3.41289092600973,0.723824,SG_48_11_C4x(C3:C4)
9ce0ff4de8aab95d,48,10,8,-3.732051,13.045279834745733,11.460710496893686,1.4325888121117107,0.8785331278496923,0.6132486310253175,3.460710496893686,0.723824,SG_48_40_Q8xS3
b08f649ff6f3218f,49,6,14,-2.692021,15.175875552992796,15.175849750434875,1.0839892678882053,0.9999982997647924,0.9225167899613604,1.1758497504348746,0.956761,SG_49_2_C7xC7
a742ebdd7db28c55,49,14,8,-5.290742,13.438900276619735,10.977219128411619,1.3721523910514524,0.816824211986243,0.5952868043762453,2.977219128411619,0.86611,SG_49_1_C49
33b2a14ace3bb2cd,50,8,11,-4.77943,18.699699438863863,13.510932758531752,1.2282666144119774,0.7225213861166013,0.5882447488508044,2.5109327585317516,0.846381,SG_50_3_C5xD10
5f5a0438c7405429,50,10,10,-4.472136,15.450849826176317,12.676610958911613,1.2676610958911614,0.8204474900426072,0.6472135909999159,2.6766109589116134,0.868589,SG_50_5_C10xC5
214fd6d3b2d8c9cd,50,12,10,-5.11614,14.945367355022801,12.202102924484445,1.2202102924484444,0.8164471728681593,0.6691036601813086,2.2021029244844446,0.965831,SG_50_2_C50
acf336baeb08bb6d,50,12,10,-4.0,12.5,11.803398185802445,1.1803398185802445,0.9442718548641956,0.8,1.803398185802445,0.965831,SG_50_4_(C5xC5):C2
a281ac166fde78c6,51,8,9,-2.561553,12.369317561536642,12.369315155503319,1.3743683506114799,0.9999998054837455,0.7276068348334918,3.369315155503319,0.678915,SG_51_1_C51
3e75169909e1ea51,52,6,12,-2.665968,15.997097612176736,15.183554234467387,1.2652961862056156,0.9491443137103762,0.750136074112956,3.183554234467387,0.772769,SG_52_1_C13:C4
ef33527a51ca956a,53,12,9,-4.868188,15.295890939797445,12.86328920051991,1.4292543556133233,0.8409637105251386,0.5883933165725868,3.86328920051991,0.820045,SG_53_1_C53
ab5b7440e9e88125,54,6,12,-2.532089,16.025712577541096,15.01441645263755,1.2512013710531291,0.9368954035578545,0.74879665674381,3.0144164526375494,0.744148,SG_54_2_C54
a2d63abdba5f7793,54,11,10,-5.0,16.875,13.114685031198224,1.3114685031198223,0.7771665203673022,0.5925925925925926,3.114685031198224,0.84951,SG_54_8_((C3xC3):C3):C2
03b7a38e621d1d61,54,11,10,-5.0,16.875,12.63514651878055,1.263514651878055,0.7487494233351437,0.5925925925925926,2.63514651878055,0.84951,SG_54_13_C3x((C3xC3):C2)
9dc3321c7471c31a,54,17,9,-5.908327,13.927235192687796,11.6078033582852,1.2897559286983555,0.8334607118848423,0.6462158407955415,2.6078033582851994,1.000042,SG_54_10_C2x((C3xC3):C3)
04abf703d266b7f2,54,14,9,-4.0,12.0,12.000002483093304,1.3333336092325894,1.000000206924442,0.75,3.0000024830933043,0.884154,SG_54_12_C3xC3xS3
499cc9647ece86fc,54,11,9,-4.0,14.4,13.282721377493992,1.4758579308326658,0.9224112067704161,0.625,4.282721377493992,0.764559,SG_54_5_(C3xC3):C6
799fe92938452a6c,54,14,9,-5.0,14.210526315789474,11.739130513002554,1.3043478347780615,0.8260869620261055,0.6333333333333333,2.7391305130025536,0.884154,SG_54_15_C6xC3xC3
a4d0cf8ee51822fd,54,14,9,-4.464102,13.0556854592766,11.884573004908816,1.3205081116565351,0.9102986619874746,0.6893548429971658,2.884573004908816,0.884154,SG_54_14_(C3xC3xC3):C2
fd67022175063a96,55,4,15,-2.203616,19.536812078632845,17.25893883386491,1.1505959222576607,0.883406093297114,0.7677813524349402,2.25893883386491,0.786925,SG_55_2_C55
f3835377712524ce,55,14,9,-4.172991,12.629429299777895,10.96082197100335,1.2178691078892612,0.8678794354703036,0.7126212741978988,1.9608219710033499,0.868079,SG_55_1_C11:C5
52a230b7e372fc9d,56,7,14,-3.372581,18.208056027713834,15.634636989630323,1.1167597849735944,0.8586659095201267,0.7688904284285537,1.634636989630323,0.899322,SG_56_3_C7:Q8
cbe7c12d7a3b4d46,56,4,14,-2.0,18.666666666666668,16.402020686015014,1.1715729061439295,0.8786796796079471,0.75,2.402020686015014,0.721348,SG_56_1_C7:C8
e8cf0111d46628bb,56,7,13,-4.405813,21.631559977355405,15.547555466316778,1.1959658051012907,0.7187440703579606,0.6009737630392263,2.547555466316778,0.835085,SG_56_11_(C2xC2xC2):C7
b3ea866a80747ce1,56,7,12,-4.405813,21.631559977355405,15.637421584786917,1.3031184653989099,0.7228984687723243,0.554745012036209,3.6374215847869174,0.770848,SG_56_12_C2xC2xD14
95febca9f287e6a4,56,14,10,-6.207751,17.20300571795446,13.446401083371066,1.3446401083371067,0.7816309140290121,0.5812937671446091,3.4464010833710663,0.947308,SG_56_8_C28xC2
0d82ab8d5a378520,56,10,10,-4.603875,17.654013061601802,13.399617927851684,1.3399617927851684,0.7590125758429623,0.5664434463204521,3.3996179278516845,0.775526,SG_56_6_C2x(C7:C4)
9c540da3a40cc1bc,56,14,9,-6.207751,17.20300571795446,12.933080433782807,1.4370089370869785,0.7517919046137843,0.5231643904301482,3.9330804337828074,0.852577,SG_56_10_C7xQ8
1814d18bb343bf25,57,6,12,-2.285142,15.721286853019537,15.721327896016938,1.3101106580014115,1.000002610663986,0.7632962945202669,3.7213278960169376,0.704982,SG_57_1_C19:C3
823fbf4b30603f19,58,13,10,-5.529859,17.30891864854449,13.715959840193257,1.3715959840193257,0.792421532430429,0.577736842089838,3.715959840193257,0.873849,SG_58_1_D58
f48a87854d3e14d7,58,16,8,-7.616987,18.706249277268093,13.204625428119533,1.6505781785149416,0.7058938022474578,0.42766456714129386,5.204625428119533,0.79597,SG_58_2_C58
b18b41e2a0f86def,59,16,8,-6.678673,17.374989577212034,13.396274712193659,1.6745343390242073,0.7710090790364207,0.46043193087679934,5.396274712193659,0.782479,SG_59_1_C59
02a7d4df53c80b09,60,5,15,-2.91259,22.08573930912634,18.710430386105948,1.2473620257403966,0.8471724728895249,0.6791712874108612,3.7104303861059478,0.776669,SG_60_9_C5xA4
8d87be1fac142f93,60,8,12,-4.236068,20.771711958449398,15.828713602417956,1.319059466868163,0.7620322116001249,0.5777087619934335,3.828713602417956,0.769437,SG_60_1_C5x(C3:C4)
374f102ff391c28e,60,11,12,-3.888353,15.670046243530093,14.010591231962529,1.1675492693302107,0.8941001841489316,0.7657922518865957,2.010591231962529,0.917471,SG_60_6_C3x(C5:C4)
cb42fd89dbc9f979,60,8,12,-4.236068,20.771711958449398,15.471680466991248,1.289306705582604,0.7448437807119584,0.5777087619934335,3.4716804669912484,0.769437,SG_60_3_C15:C4
7a54d57075292176,60,8,12,-4.236068,20.771711958449398,16.561719131122064,1.3801432609268387,0.7973208546436242,0.5777087619934335,4.561719131122064,0.769437,SG_60_13_C30xC2
e151ce9bc97ad3bc,60,9,12,-3.236068,15.868175953255571,14.674435762297794,1.2228696468581495,0.9247714296542782,0.7562305860074634,2.6744357622977937,0.819215,SG_60_7_C15:C4
4ce82fccc8984c02,60,8,12,-4.236068,20.771711958449398,15.60183639048561,1.3001530325404675,0.7511097988309617,0.5777087619934335,3.6018363904856106,0.769437,SG_60_11_C10xS3
92b82ff6782f83d5,60,7,12,-3.854102,21.304951805317472,15.918192472949885,1.3265160394124904,0.747159281016392,0.5632493379780815,3.918192472949885,0.719458,SG_60_10_C6xD10
640531229b44ba06,60,10,10,-3.703678,16.216134091883948,14.763509523188125,1.4763509523188125,0.9104210312726231,0.6166697896883403,4.763509523188125,0.723824,SG_60_5_A5
8349c47fb5397051,61,14,10,-5.282823,16.711878909016587,13.649864433526385,1.3649864433526386,0.8167761690854433,0.5983767626873292,3.6498644335263855,0.86966,SG_61_1_C61
e4185859846d94ec,62,16,9,-6.788218,18.468733097076743,14.094782280768207,1.5660869200853564,0.7631699590157134,0.4873100906647751,5.094782280768207,0.837694,SG_62_2_C62
0666caf1d5935572,62,17,9,-6.830219,17.770444241406256,13.500506449116426,1.5000562721240474,0.7597168796523046,0.5064589200887524,4.5005064491164255,0.871005,SG_62_1_D62
1a99c1be9cfe743d,63,12,12,-3.875636,15.379860561176889,13.803321724641485,1.1502768103867904,0.8974932945416272,0.7802411440771699,1.803321724641485,0.919839,SG_63_1_C7:C9
d8f0c96f1d675a92,63,8,12,-2.71871,15.97941636633513,14.523288183466537,1.210274015288878,0.9088747580333214,0.7509661006944645,2.523288183466537,0.732797,SG_63_3_C3x(C7:C3)
a971505c1d077209,63,8,12,-3.493959,19.15087890952108,16.21328690216421,1.3511072418470176,0.8466079796527557,0.626603095173562,4.21328690216421,0.732797,SG_63_4_C21xC3
412da324ca5aa445,63,18,9,-6.963174,17.573084336150522,13.285784050069148,1.4761982277854608,0.7560302901829395,0.5121468620898623,4.285784050069148,0.889653,SG_63_2_C63
674b674c9d400526,64,5,20,-3.0,24.0,23.999984979772627,1.1999992489886313,0.9999993741571928,0.8333333333333334,3.999984979772627,0.970836,SG_64_260_C4xC2xC2xC2xC2
6b5c735ce7b8ce7a,64,4,16,-2.0,21.333333333333332,18.74516885496557,1.1715730534353481,0.8786797900765111,0.75,2.74516885496557,0.721348,SG_64_9_(C4:C4):C4
aa2251d947a929a1,64,5,16,-3.0,24.0,20.000010402839294,1.2500006501774559,0.8333337667849706,0.6666666666666666,4.000010402839294,0.776669,SG_64_23_((C4xC2):C2):C4
17bc09b7b2171ec0,64,6,16,-2.0,16.0,15.999999116694736,0.999999944793421,0.999999944793421,1.0,-8.833052635992544e-07,0.837166,SG_64_55_C4xC4xC4
eb49abf847fbd652,64,11,16,-5.0,20.0,15.999967699438606,0.9999979812149129,0.7999983849719303,0.8,-3.2300561393583394e-05,1.146839,SG_64_57_(C4xC4):C4
6e462d3f1e298137,64,14,16,-6.0,19.2,15.999966019000798,0.9999978761875499,0.8333315634896249,0.8333333333333334,-3.398099920204345e-05,1.326231,SG_64_64_(C4xC4):C4
5e4bc92ab50939e6,64,13,16,-5.0,17.77777777777778,15.99980696694308,0.9999879354339425,0.8999891418905482,0.8999999999999999,-0.0001930330569201999,1.267082,SG_64_63_(C4xC4):C4
28d2fd486248e576,64,6,16,-2.828427,20.504142810491608,20.504142229872627,1.2815088893670392,0.9999999716828455,0.7803301092798224,4.5041422298726275,0.837166,SG_64_56_C2x((C4xC2):C4)
52ce2aae659058ee,64,6,16,-2.828427,20.504142810491608,18.745152716045364,1.1715720447528353,0.9142129417111649,0.7803301092798224,2.7451527160453644,0.837166,SG_64_65_(C4xC4):C4
2893097f176ab0f1,64,9,16,-3.828427,19.099717213965516,16.00000997177982,1.0000006232362388,0.8377092599088733,0.8377087378184304,9.971779821427162e-06,1.024019,SG_64_72_(C2xQ8):C4
1fa4f36d6cf59758,64,12,16,-4.0,16.0,15.99981566232357,0.9999884788952231,0.9999884788952231,1.0,-0.00018433767642989096,1.207289,SG_64_79_(C2xC2xC2).(C2xC2xC2)
0fe359ce155c3fa4,64,9,12,-4.434143,21.12417234206901,16.40869920907827,1.3673916007565226,0.7767735910959302,0.5680695937185607,4.4086992090782715,0.768014,SG_64_1_C64
2ef20ec72ec52397,64,14,12,-5.656854,18.41793483331565,13.999993594899719,1.16666613290831,0.7601283054588482,0.6515388456198444,1.9999935948997187,0.994673,SG_64_59_C4x(C4:C4)
f51d4a1bc0ab4002,64,14,12,-5.464102,17.966537988754887,14.086024423638083,1.1738353686365068,0.7840143956756952,0.6679083086296705,2.086024423638083,0.994673,SG_64_68_(C4:C4):C4
a4e1e26050d2eed0,64,13,12,-4.656854,16.879488044699244,14.489580361657818,1.2074650301381515,0.8584134970970319,0.7109220355630647,2.4895803616578185,0.950311,SG_64_81_(C2xC2xC2).(C2xC2xC2)
75c4cbf2d474866c,64,14,11,-3.464102,12.694756821736382,12.694755568672672,1.154068688061152,0.999999901292815,0.866499465445879,1.6947555686726723,0.911784,SG_64_82_(C2xC2xC2).(C2xC2xC2)
5c8b94aefa817a4e,65,6,15,-3.197832,22.598703694522797,18.02775658767363,1.2018504391782419,0.7977341015380002,0.663754886243122,3.027756587673629,0.772769,SG_65_1_C65
f2f3415534fbfa30,66,8,12,-3.707599,20.90108603822184,17.012794141910547,1.4177328451592122,0.8139669924710721,0.5741328454442791,5.012794141910547,0.699489,SG_66_4_C66
94f6b42ab969fe92,67,10,15,-4.623378,21.182952803381,18.045860949165718,1.2030573966110478,0.8519048839255984,0.708116575589304,3.045860949165718,0.972301,SG_67_1_C67
a91760afebfd2a58,68,8,12,-2.561553,16.49242341538219,16.49241483116738,1.3743679025972817,0.9999994795055527,0.7276068348334916,4.49241483116738,0.678915,SG_68_1_C17:C4
9354e51f3459afcb,68,9,12,-3.561553,19.279909418843356,16.492422561145997,1.3743685467621665,0.8554201268719142,0.6224095632042604,4.492422561145997,0.722837,SG_68_3_C17:C4
eb112e3eecf8dfca,68,10,12,-4.261987,20.320809155133855,17.288865394944636,1.440738782912053,0.8507961106744006,0.5905276659206415,5.2888653949446365,0.766402,SG_68_4_D68
91d413c234a5965d,69,18,10,-8.364187,21.89063910827214,14.840142074345714,1.4840142074345715,0.6779218277248859,0.45681626518712065,4.840142074345714,0.902547,SG_69_1_C69
5e7891a832ed3f06,70,10,14,-4.393318,21.36632151113454,18.187177909646095,1.2990841364032926,0.8512077242761834,0.6552367936944242,4.1871779096460955,0.868589,SG_70_4_C70
28774d4027b1e86d,70,11,14,-3.890477,18.28909779048717,17.010747325986998,1.2150533804276427,0.9301031423668646,0.765483358467355,3.0107473259869977,0.917471,SG_70_1_C7xD10
d5b2d5254737ed16,70,10,14,-4.603875,22.067516327002252,17.58304777158237,1.255931983684455,0.7967841741241809,0.6344166598789063,3.5830477715823683,0.868589,SG_70_3_D70
c4fa90007cfce7a3,70,15,12,-6.080649,20.191286805259175,15.904838456135565,1.3254032046779638,0.787708015320394,0.5943157618302163,3.9048384561355647,0.94955,SG_70_2_C5xD14
aa70c827124a1c41,71,10,16,-4.536399,22.157091931777604,19.44145061904981,1.2150906636906131,0.8774369253379758,0.722116424360404,3.44145061904981,0.978692,SG_71_1_C71
63917d7f1fdb5aed,72,4,18,-2.0,24.0,21.088313739612474,1.1715729855340262,0.8786797391505198,0.75,3.088313739612474,0.721348,SG_72_15_((C2xC2):C9):C2
9304e0658c1cb595,72,5,18,-3.0,27.0,20.78461022633514,1.15470056812973,0.7698003787531533,0.6666666666666666,2.7846102263351398,0.776669,SG_72_38_C3xC3xQ8
06f231c1557bc468,72,6,16,-2.532089,21.36761677005479,20.019218957951423,1.251201184871964,0.9368952641460206,0.7487966567438102,4.0192189579514235,0.744148,SG_72_3_Q8:C9
d5bb6b06d3d9c4a6,72,8,16,-3.0,19.636363636363637,18.666674737394622,1.166667171087164,0.9506176949599113,0.8148148148148148,2.6666747373946222,0.85493,SG_72_34_C2x((C3xC3):C4)
8b35e54597479fe5,72,7,15,-3.372281,23.408952379905635,19.20005637933737,1.2800037586224913,0.8202014369433634,0.6407804910089047,4.200056379337369,0.749435,"SG_72_25_C3xSL(2,3)"
cb14aa7d08c2a25d,72,7,15,-3.0,21.6,19.00310553646073,1.2668737024307153,0.8797734044657745,0.6944444444444444,4.00310553646073,0.749435,SG_72_47_C6xA4
28bda3fe31fb244e,72,10,12,-4.0,20.571428571428573,17.119333732963607,1.426611144413634,0.8321898342412865,0.5833333333333333,5.119333732963607,0.723824,SG_72_9_C36xC2
ac6323080741b165,72,10,12,-4.0,20.571428571428573,17.188842132876758,1.432403511073063,0.8355687147926201,0.5833333333333333,5.188842132876758,0.723824,SG_72_14_C24xC3
a735c5a84370e10d,72,10,12,-3.732051,19.567919752118602,17.19106263539438,1.4325885529495317,0.8785329689188407,0.6132486310253173,5.191062635394381,0.723824,SG_72_5_C4xD18
d9877e2239314dcb,72,11,12,-4.0,19.2,16.948846640873136,1.412403886739428,0.8827524292121425,0.625,4.9488466408731355,0.764559,SG_72_30_C3x((C6xC2):C2)
67c94770258b8f0f,72,11,12,-4.0,19.2,17.52813045864414,1.460677538220345,0.9129234613877156,0.625,5.528130458644139,0.764559,SG_72_41_(C3xC3):Q8
66d28c55a2e8ad53,72,10,12,-3.732051,19.567919752118602,17.70651091458744,1.47554257621562,0.904874464883799,0.6132486310253173,5.70651091458744,0.723824,SG_72_40_(S3xS3):C2
beb7b031169ce733,72,11,12,-5.0,22.5,17.38028475578021,1.4483570629816842,0.7724571002568982,0.5333333333333333,5.38028475578021,0.764559,SG_72_45_C2x((C3xC3):C4)
23defa50bebb3e0a,73,12,14,-5.437972,22.764800631633083,18.616154247873155,1.3297253034195111,0.8177604780779354,0.6149845204682418,4.616154247873155,0.926139,SG_73_1_C73
959d323f9a2bb190,74,6,22,-2.95561,24.42213763216576,24.111243947423226,1.095965633973783,0.9872700052130955,0.9008220464298905,2.111243947423226,0.995549,SG_74_2_C74
71efa6e1207eeaeb,74,11,14,-4.871162,22.712009870480813,18.495893412778766,1.321135243769912,0.814366210575586,0.6164139624734859,4.495893412778766,0.867878,SG_74_1_D74
d9c3abc9cb5894ab,75,4,25,-2.165352,26.340977773856217,25.000004613383098,1.000000184535324,0.9490917470116066,0.9490915718706859,4.61338309776238e-06,0.961797,SG_75_3_C15xC5
f53cfb3ad322d231,75,6,18,-2.767301,23.67291541604423,21.824290643529512,1.212460591307195,0.921909712427654,0.7603626204738841,3.824290643529512,0.803679,SG_75_1_C75
cfc09f1465818608,75,16,12,-5.0,17.857142857142858,15.380064075699089,1.2816720063082574,0.861283588239149,0.6719999999999999,3.3800640756990887,0.923325,SG_75_2_(C5xC5):C3
2b57c226dff11457,76,6,16,-2.285142,20.96171580402605,20.9617251893961,1.3101078243372561,1.0000004477386364,0.7632962945202669,4.961725189396098,0.704982,SG_76_1_C19:C4
bc95a61b16e2975b,76,12,12,-4.556502,20.915900713810196,17.2985297693624,1.4415441474468667,0.8270516295738894,0.5737261887113821,5.2985297693624,0.762498,SG_76_4_C38xC2
8d50dcb97bebb558,77,4,21,-2.203616,27.351536910085986,24.162509089597258,1.1505956709332028,0.8834059003348816,0.7677813524349401,3.1625090895972576,0.786925,SG_77_1_C77
49ababfc6663ebef,78,6,18,-3.197832,27.118444433427353,21.63330554065107,1.2018503078139482,0.7977340143443085,0.6637548862431221,3.633305540651069,0.772769,SG_78_6_C78
f6944afe6341a1ec,78,6,18,-2.665968,23.995646418265103,22.775329286572646,1.265296071476258,0.9491442276477465,0.750136074112956,4.775329286572646,0.772769,SG_78_3_C13xS3
68b1c1cd2e44344e,78,11,14,-4.0,20.8,17.999998386280602,1.2857141704486144,0.865384537801952,0.673076923076923,3.999998386280602,0.823372,SG_78_2_C2x(C13:C3)
ae5008dc7a4ec2fd,79,6,22,-2.73214,24.71777364998729,23.747387603125667,1.0794267092329848,0.9607413652781741,0.8900477976507125,1.7473876031256665,0.932539,SG_79_1_C79
689f0916eb313e56,80,6,20,-2.793604,25.41487199105168,23.31109497512746,1.165554748756373,0.9172226003473503,0.7869408119404181,3.3110949751274603,0.837166,SG_80_27_C5xQ16
503127db1ccfdf8b,80,6,20,-2.520147,23.66294384357453,22.301464302681453,1.1150732151340725,0.9424636448493801,0.8452033750412178,2.3014643026814525,0.837166,SG_80_35_C2x(C5:Q8)
f03565426d51efba,80,4,20,-2.0,26.666666666666668,23.431457915358124,1.1715728957679061,0.8786796718259295,0.75,3.4314579153581235,0.721348,SG_80_32_C2x(C5:C8)
fcead7888fe892a3,80,8,18,-3.618034,24.913227143249884,21.416391153056804,1.1897995085031559,0.8596393807158568,0.722507762503061,3.4163911530568036,0.865617,SG_80_26_C5xQD16
27528bc75f5f7ecf,80,8,16,-4.236068,27.695615944599197,20.62887059774313,1.2893044123589457,0.7448424558965578,0.5777087619934335,4.628870597743131,0.769437,SG_80_11_C4x(C5:C4)
eb1a71cdff400d6a,80,8,16,-4.236068,27.695615944599197,21.104946371749598,1.3190591482343499,0.7620320275225791,0.5777087619934335,5.104946371749598,0.769437,SG_80_20_C20xC4
da8cc0ede5f6cb7d,80,7,16,-3.854102,28.406602407089963,21.224257146420896,1.326516071651306,0.7471592991748836,0.5632493379780815,5.2242571464208964,0.719458,SG_80_28_C5:(C8xC2)
c8b0612b56c9900d,80,12,14,-4.236068,20.87238363377143,18.560427812142017,1.3257448437244297,0.8892337424323363,0.6707427501163814,4.5604278121420165,0.845102,SG_80_23_C40xC2
26b8340523158989,80,14,14,-4.472136,19.368138043158627,16.982907615291648,1.2130648296636892,0.8768477164634052,0.722836648974897,2.982907615291648,0.928362,SG_80_49_(C2xC2xC2xC2):C5
842a2627f374659b,81,6,21,-2.569281,24.285790254748328,23.397538436801465,1.1141684969905459,0.9634250395548404,0.8647031774432008,2.397538436801465,0.868172,SG_81_1_C81
df876120895d3166,81,12,18,-3.872983,19.76387317998136,18.30772387379206,1.0170957707662256,0.9263226750683555,0.9107526564293091,0.30772387379206023,1.073146,SG_81_3_(C9xC3):C3
2d7d60e0f99e842c,81,12,18,-3.716881,19.155668417925924,18.577508176261457,1.032083787570081,0.9698177986249009,0.93966963758652,0.5775081762614569,1.073146,SG_81_4_C9:C9
f94b76d1b0dfe18a,81,10,18,-3.171047,19.50147220642368,19.11633625408254,1.0620186807823633,0.9802509293521809,0.9230072380930756,1.1163362540825403,0.965099,SG_81_8_(C9xC3):C3
69695aa2fdf70037,81,12,18,-3.966211,20.1214358873248,19.04918604283489,1.0582881134908273,0.9467110672173571,0.894568364842135,1.04918604283489,1.073146,SG_81_7_(C3xC3xC3):C3
b11aee04ed26986b,81,12,18,-4.75877,23.00051674436728,18.577599973207267,1.0320888874004037,0.8077035911706998,0.7825911130630626,0.577599973207267,1.073146,SG_81_6_C27:C3
25d271de550bfddd,81,12,15,-3.476844,18.19649820079598,16.902081138004824,1.1268054092003217,0.9288644964263216,0.8243344315195683,1.9020811380048244,0.894288,SG_81_9_(C9xC3):C3
61a898161b86dff6,81,16,13,-5.879385,21.766159560700633,18.000000294119772,1.3846154072399826,0.8269718065753429,0.5972574061007914,5.000000294119772,0.926175,SG_81_2_C9xC9
f4271b5d89e42f61,81,14,13,-4.0,18.0,16.958255354399512,1.3044811811076547,0.9421252974666395,0.7222222222222222,3.958255354399512,0.851408,SG_81_10_C3.((C3xC3):C3)=(C3xC3).(C3xC3)
fb7e3b7f260795ad,81,14,13,-4.0,18.0,18.000001764107665,1.3846155203159742,1.0000000980059813,0.7222222222222222,5.000001764107665,0.851408,SG_81_11_C9xC3xC3
c178b379937f768d,81,16,13,-5.0,19.285714285714285,17.350116820845642,1.3346243708342802,0.8996356870068111,0.6740740740740742,4.350116820845642,0.926175,SG_81_14_(C9xC3):C3
bbe2208c493362b2,81,14,13,-4.411474,19.40797320192832,18.457031890182797,1.4197716838602152,0.9510025440651865,0.6698278003964039,5.457031890182797,0.851408,SG_81_13_C3x(C9:C3)
81d5544fc08e99cb,81,16,13,-5.0,19.285714285714285,17.999981404531162,1.384613954194705,0.9333323691238381,0.6740740740740742,4.999981404531162,0.926175,SG_81_15_C3xC3xC3xC3
f710bf945d07a7bd,81,16,12,-5.0,19.285714285714285,17.334253052885142,1.4445210877404284,0.8988131212607111,0.6222222222222222,5.334253052885142,0.85493,SG_81_12_C3x((C3xC3):C3)
ae6320395020c8da,82,8,20,-4.0,27.333333333333332,22.53927444361895,1.1269637221809474,0.8246076015958153,0.7317073170731707,2.5392744436189503,0.938338,SG_82_1_D82
65b38b699359f212,82,10,16,-4.227875,24.36665700253903,21.327683695254457,1.3329802309534036,0.8752814837518373,0.6566350073517588,5.327683695254457,0.847404,SG_82_2_C82
f759f6560095d996,83,18,13,-7.337431,24.03585324021208,18.52555254711985,1.425042503624604,0.7707466159814341,0.5408586859837764,5.525552547119851,0.975403,SG_83_1_C83
2d8fd7d4a0573ac5,84,7,21,-3.208014,26.39819812159348,23.336624592167166,1.111267837722246,0.8840233899554691,0.7955088412955805,2.3366245921671656,0.899322,SG_84_12_C6xD14
4126688c30870391,84,8,16,-2.71871,21.30588848844684,19.36434434049942,1.2102715212812138,0.9088728851181107,0.7509661006944645,3.3643443404994215,0.732797,SG_84_2_C4x(C7:C3)
c668d12d650a2bc3,84,8,16,-3.493959,25.53450521269477,21.617701559497736,1.3511063474686085,0.8466074192324764,0.6266030951735622,5.6177015594977355,0.732797,SG_84_5_C21:C4
e85b9e2b8599548c,84,9,16,-3.0,21.0,19.709619930211172,1.2318512456381983,0.9385533300100558,0.7619047619047619,3.709619930211172,0.780205,SG_84_13_C14xS3
46cb063039cd26ef,84,11,16,-4.605551,24.790299554306028,20.402876753657182,1.2751797971035739,0.8230185645382103,0.6454137419739582,4.402876753657182,0.873782,SG_84_8_S3xD14
4ba047e890bf2ba8,84,10,15,-4.603875,26.481019592402703,20.099365263949814,1.339957684263321,0.7590102485976877,0.5664434463204521,5.099365263949814,0.775526,SG_84_4_C3x(C7:C4)
fe8ba393d60eff50,84,14,12,-4.784341,21.394662926956023,18.951661403453468,1.5793051169544556,0.8858125724231665,0.5608875466264394,6.951661403453468,0.757846,SG_84_1_C7:C12
c621995480a1cda3,84,14,12,-6.542877,26.75388009186834,19.023208601126683,1.5852673834272235,0.7110448479175422,0.4485330710459198,7.023208601126683,0.757846,SG_84_3_C7x(C3:C4)
e6b38e78ed5e386b,85,8,15,-2.561553,20.615529269227736,20.615530825933746,1.3743687217289164,1.000000075511329,0.7276068348334918,5.615530825933746,0.678915,SG_85_1_C85
e04fb9d889fd22f8,86,14,16,-5.005014,22.64829712832624,19.789656315386125,1.2368535197116328,0.8737812032073347,0.7064548786755711,3.789656315386125,0.986963,SG_86_1_D86
d16477ce1cdad7a2,86,10,16,-5.395913,30.141019762842255,22.311666617066862,1.394479163566679,0.7402425927397654,0.5308380448270282,6.311666617066862,0.80799,SG_86_2_C86
a8999ac3dc7058e9,87,8,18,-3.50545,26.50692932479825,23.461869310410876,1.3034371839117154,0.8851221136528024,0.6790677177065663,5.461869310410876,0.79597,SG_87_1_C87
d776ba9568caedbc,88,8,16,-3.707599,27.868114717629123,22.683728828824478,1.4177330518015299,0.8139671111112139,0.5741328454442791,6.683728828824478,0.699489,SG_88_6_C2x(C11:C4)
bf79f998698dc79f,88,9,16,-4.707599,30.221828928611057,22.68373164501712,1.41773322781357,0.7505744175377286,0.5294186542381216,6.683731645017119,0.744741,SG_88_8_C44xC2
1467f2c520af96e7,89,4,29,-2.249456,32.03504177003566,29.644302214339934,1.0222173177358598,0.9253711116452505,0.9052586916595026,0.644302214339934,0.940183,SG_89_1_C89
2cfdf7e0bbe0ccb7,90,7,21,-3.497212,29.984064340131454,23.944777856947546,1.1402275169975022,0.7985834603782928,0.7003720296815483,2.944777856947546,0.839367,SG_90_5_C3xC3xD10
6158c156679fe6ca,90,8,18,-3.618034,28.02738053615612,23.999289333822553,1.3332938518790307,0.8562801401601832,0.6422291222249431,5.999289333822553,0.769437,SG_90_10_C30xC3
e96dd4e1abffadf2,90,20,13,-6.943563,23.193690827007547,18.54412520242036,1.4264711694169507,0.7995331722205649,0.5604972531953536,5.544125202420361,0.964335,SG_90_4_C90
f1c9cc407be5e62e,91,10,21,-4.275137,27.252800936341274,24.28082131947457,1.156229586641646,0.8909477369387157,0.7705629982420177,3.280821319474569,1.002218,SG_91_1_C91
319ae3b0b9d1632a,92,6,27,-2.921396,30.126275304896232,29.62383578548242,1.0971791031660156,0.9833222157625257,0.8962276194698341,2.62383578548242,0.98276,SG_92_3_D92
2246e41d7b5d17dd,92,9,20,-4.315281,29.815807266853774,24.592104312782986,1.2296052156391493,0.824800888088716,0.6707851248499984,4.592104312782986,0.890451,SG_92_4_C46xC2
0ca7f7d74b1d2256,92,16,12,-6.382815,26.235260399552065,19.74501535996391,1.6454179466636594,0.752613660366071,0.4573996909977263,7.7450153599639115,0.75271,SG_92_2_C92
7f317730dc39893c,93,12,19,-3.983081,23.176165659174224,21.358845690633586,1.1241497731912413,0.9215866854221739,0.8198077403920739,2.3588456906335864,0.986602,SG_93_1_C31:C3
b433ebf03c4de457,93,12,15,-5.205349,28.136450879316662,21.71975468530261,1.4479836456868407,0.7719436533933632,0.5331162791049323,6.719754685302611,0.778896,SG_93_2_C93
82750442cea4fbf7,94,7,23,-3.355518,30.45899702940983,28.10903866891928,1.2221321160399687,0.9228484654888164,0.7551135048141028,5.109038668919279,0.880188,SG_94_1_D94
dc2bed7efaeb8569,94,10,18,-4.263347,28.096814723781176,24.05657126790397,1.3364761815502204,0.8562027939609276,0.6406420150097932,6.056571267903969,0.831628,SG_94_2_C94
